Nazwa produktu,Białko (g),Węglowodany (g),Tłuszcz (g)
Kiwi Sungold,0.9,11.1,0.3
Dattes séchées dénoyautées,2.5,67,0.5
Pommes Rouges,0.8,11.6,0.6
blueberries,0.9,9.1,0.2
Berry mix with sour cherries,0.9,7.1,0.2
Serek homogenizowany truskawkowy,6.3,12,6.3
Ananas en tranches au jus,0.4,14.9,0.1
Borówka amerykańska odmiany Brightwell,1,15,0.3
Framboises entières,1.6,6.1,0.2
Pomme,0.5,9.6,0.5
Dates,2.5,67,0.5
Daktyle suszone,2.5,67,0.4
Pomegranate Seeds in Pomegranate Juice,0.8,15.9,0.3
Jagody leśne,0.7,10.7,0.9
Świeże daktyle medjool BIO,2,71,0.3
Fresh dates,2,71.4,0.2
Cytryna,2.6,11,4.1
Truskawki,0.7,5.4,0.4
"Mandarinky, celé měsíčky, loupané, kompot",0.5,15,0.5
Ananasy w plastrach,1.2,16.4,0.1
Mandarynki. odmiany: Ortanique.,0.7,10,0.2
Dried plums,1.2,26.9,0.5
Kaki,2.2,63,1.9
Ananas plastry w soku,0.5,13,0.5
Ananas,0.9,14,0.2
Raspberry fruit strips,1.4,78.8,0.9
Ananas plastry,0.5,15,0.5
Truskawki Liofilizowane,8.2,30.1,1.9
Świeże daktyle,2,71.9,0.2
Ananas Kawałki,0.5,15,0.5
Ekologiczne wiórki kokosowe,6.9,7.4,65
Maliny mrożone,1.3,5.3,0.5
Kiwi gold,1,15.8,0.3
Czarna Porzeczka,1.3,7,0.5
Mangues en morceau,0.6,14,0.5
Borówka,0.8,11.8,0.2
Sun-dried Tomatoes,7,20,0.7
Jalapeños,0.6,1.6,0.1
Grean peas,5,7.4,0.7
Rodekool Chou rouge,1.4,11,0.2
Pelati Geschälte Tomaten,1.1,4.2,0.2
Groszek tradycyjny,5.5,7.4,0.7
Croustis de légumes Brocolis,4.7,14,9.1
"Pulpe de tomates, basilic & origan",1.6,5.7,0.3
Dattelcherrytomaten,0.9,1.9,0.5
Cacahuètes Grillées et Salées,25,18,50
Włoszczyzna,10.3,74.2,0.9
Pomidore krojone bez skórki w sosie pomidorowym.,0.7,2.9,0.2
Buraczki zasmażane z cebulką,1,13,2
Groszek konserwowy,4.2,7.4,0.5
Nasza Spiżarnia Korniszony z chilli,1.3,1.5,0.5
Vegetable samosas,8.9,26.1,0.6
Pomidory całe,1.1,3.1,0.5
Ogórki ćwiartki,0.5,9.5,0.5
Rukola umyta i gotowa do spożycia,2.6,3.9,0.3
Haricots Verts Très Fins,1.9,3.8,0.5
Salad mix with iceberg lettuce,1,2.2,0.5
polpa di pomodoro con basilico,1.1,5.4,0.2
Spinach Leaves,3.4,2,0.6
Bio rukola,2.9,0.5,0.5
Groszek konserwowy green peas,5.4,8.8,0.8
"Fasolka szparagowa żółta i zielona, cała",1.9,3.1,0.5
CHOUX-FLEURS En fleurette,2.9,2.1,0.9
Brocolis bouquet,3,2.4,0.4
Carottes râpées,1,11,4
buraczki Już Gotowe talarki,1.8,9.5,0.1
Kimchi Hot,1.8,8,0.4
Rzodkiew kiszona,0.7,1.8,0.1
Warzywa na patelnię z ziemniakami,1.9,9.4,1.3
Papryka Jalapeño,0.5,2.4,0.5
Warzywa na patelnię letnie,2,4.3,5.4
Warzywa na patelnię po włosku,1.8,4.4,0.5
Jackfruit kawałki,0.8,0.5,0.6
Szpinak liście,2.8,0.6,0.5
Kalafior różyczki,1.7,2.7,0.2
Groszek zielony konserwowy,5.5,8.3,0.8
Mix sałat Party,1.3,1.7,0.5
Papryka grillowana w zalewie z czosnkiem,1.2,5.2,0.4
papryczki pikantne nadziewane serem,5.4,3.7,10
Stir-fry vegetables with oriental seasoning,2.1,4.4,0.5
Szparagi białe,0.8,1.5,0.1
Buraczki Kons. ca?e Rolnik 370ML,0.9,10,0.5
Bio superfood buraki,1.8,9.8,0.1
Pomidory krojone bez skórki,1.2,3,0.5
Mieszanka chińska,1.2,4.9,0.2
Zupa jarzynowa,3.2,3.7,0.3
Marchewka gotowana,0.8,6.9,0.4
Zupa kalafiorowa,1.9,5.6,0.5
Mix mražené zeleniny,2.5,9.6,1.5
Papryka konserwowa,0.6,6.4,0.5
Daikon radish,1,1.9,0.5
Junge Erbsen,5.5,9.1,0.8
Rzodkiew kiszona z majerankiem,0.7,1.8,0.5
Pomidory Krojone w soku pomidorowym z oliwą z oliwek i czosnkiem,1.3,5.9,2.1
Groszek zielony,6.4,7.8,0.9
Groszek,3.9,6.5,0.2
Brokuły różyczki,1.8,1.8,0.5
Roszponka,2,3.6,0.5
Carciofi,1.2,2.7,0.5
Czerwona papryka chili w zalewie octowej,3.9,6.1,0.9
Mieszanka wiosenna,2.8,8.9,0.5
Pomidory krojone w soku pomidorowym - klasyczne,1.4,4.4,0.2
Szpinak rozdrobniony porcjowany,2.9,0.9,0.5
Buraczki plastry,1.6,7.9,0.1
Pomidory Krojone w Soku Pomidorowym,1.4,4.1,0.5
Groch gotowany,8.3,21.1,0.4
Warzywa na patelnię po azjatycku,1.2,4.6,2
Polpa di pomodoro,1.1,5.2,0.3
Zupa kalafiorowa z koperkiem,1.9,5.4,0.2
Szpinak Rozdrobniony W Porcjach,2.3,0.4,0.4
Mieszanka Warzyw Z Chilli,1.5,6.8,0.5
Warzywa na patelnię po europejsku,2.7,8.8,2.7
Kalafior kiszony z kurkumą,0.4,2.9,0.1
Mix Sałat z Rukolą,1.4,1.4,0.5
gegrillte Paprika,1,6.9,0.5
Szpinak,2.6,3,0.4
Chopped spinach,2.3,0.4,0.4
7 - Vegetables Mix,2.2,4.2,0.3
Guisantes finos,6,11.3,0.4
Rucola,3.8,0.8,0.5
Mieszanka Azjatycka,1.4,3.8,0.5
Firmowa z czerwonej kapusty z jabłkiem,1,10,6.9
"Szpinak w liściach, porcjowany",3.2,1.1,0.3
Papryka smażona bez skórki,0.6,3.2,2.5
Papryka zielona chilli,1.9,6.7,1.1
Frozen spinach,2.8,0.6,0.5
Piratki Filet z Kurczaka,22,1.7,1
Berlinki Classic,13,2.8,18
Kabanosy wieprzowe,26,5.2,42
Sausages,13,4.3,19
Szynka wieprzowa,18.9,0.8,3.2
Boczek wędzony wieprzowy,14,1.4,30
Berlinki z kurcząt,16,2.2,13
Naturalne Parówki 100% z szynki,14,1.3,25
Parówki z szynki,14,1.3,24
Mini Saucissons Secs,29,3.5,38
Schab Wędzony na wiśniowo,18,2,2.4
Pasztet drobiowy,7.5,5.5,12
Szynka eksportowa,19,2,1.6
Parówki,14,1.3,24
Z Serem,14,2.8,21
Ham Frankfurters,14,3.5,22
Podlaski pasztet drobiowy,7,4,15
Chicken Pâté,8.5,5.2,17
Пастет с печено свинско месо,10.4,2.8,24
Szynka konserwowa z galaretką,17,0.5,4.9
Boczek,13,1,28
Kiełbasa z weka,13,1,24
Szynka Konserwowa,19,1.3,2
Polędwica Wiejska Sadecka,27,0.5,5
Wielkopolski Pasztet z drobiem i pieczarkami,8.2,5.2,17
Salami klasyczne,20,1.5,36
Szynka delikatesowa z kurcząt,19,2.2,2.5
Gulasz angielski 95 % mięsa,17,0.5,19
Kiełbasa Żywiecka wieprzowa,24,0.6,14
Parówki z piersi kurczaka,16,0.2,13
Pasztet,8.4,6.7,14
Konserwa mięsna z dziczyzny z dodatkiem mięsa wieprzowego,13,2.5,18
Франкфуртери от свински бут,18.5,0.4,19
Boulettes au boeuf*,12,3.5,15
Polędwiczki z kurczaka,15,14,8.4
Berlinki pepperoni,13,2.1,21
Kiełbasa z czosnkiem,14,0.6,20
Pasztet drobiowy z pomidorami,7.5,6.6,15
Parówki wieprzowe Mediolanki,13,2.9,24
Polędwiczki z kurczaka panierowane,18.5,7.8,7.7
Krakowska sucha z szynki,24,1.1,6.9
Berlinki jalapeño,13,2.8,21
Filet z kaczki z sosem żurawinowym,17,1,13
Salami pieprzowe,20,1.5,36
Schab wędzony wiśnią,18,2,3.6
Tatar wołowy,17,0.5,5.4
Mięso z fileta z piersi indyka,22,0.5,2
Mięso Mielone Z Kurczaka Świeże,19,0.5,7.9
Hamburger,11,11,18
Szynka z fileta kurczaka,21,2.5,2
Szynka Eksportowa z piersi kurczaka,20,1,2.1
Szynka z indyka,18,2,2
Szynka Zawędzana,18,3,2
Kabanosy,26,6,42
Pasztet z pieczarkami,7.8,2.6,14
Salami Pepperoni,17,1.3,41
Boczek wędzony,13,0.7,31
Golonka wieprzowa,17,0.5,8
Szynka Wędzona,20,1.1,3
Kiełbasa Żywiecka z indyka,23,0.3,7.4
Szynka Delikatna,21,1,14
Kiełbasa Mysliwska,27,3.2,27
Kiełbasa biała,13,0.5,13
"Battered chicken tenders, mild",20,4.5,6
Salami z cebulą,19,4,37
Pasztet wielkopolski z czerwonym winem,9,6.4,20
Danie express Panierowane skrzydełka z kurczaka,20,6.9,17
Kiełbasa Myśliwska,28,0.7,21
Pieczeń z mielonego mięsa wieprzowo - drobiowowego z kminkiem,10.8,9.5,17
Kabanosy bekonowe z pieprzem,26,2,48
Golonkowa,17,0.5,8
Metka łososiowa,10,0.5,48
Kiełbasa żywiecka z szynki,27,0.1,12
Pasztet z indyka,19,5.1,15
Hamburgery,15,6.6,14
Pork luncheou meat tinely minced,11,0.5,24
Kiełbaski białe z szynki,17,0.6,19
Szynka z Wędzarni,22,0.5,9.5
Salami delikatesowe,18,3.4,28
Pate with Cranberries,9.6,8,23.5
Pasztet z pomidorami,8,3.9,16
Frankfurter,17,0.6,27
Pasztet drobiowo-wieprzowy,8.4,3,17
Boczek surowy wędzony,15,0.5,24
Szynka z kurczaka,19,2.1,6.2
Pasztet z królikiem,15.5,8,16
Salami z Nuss,19,4,37
Szynka,17,1.1,2.4
Polędwica z kurcząt,19,2.2,2.5
Konserwa turystyczna,17,0.2,26
Pasztet z boczkiem,11,9,21
White sausage,0.5,2,25
Wieprzowina w galarecie,10.6,0.5,2.5
Boczek surowy wędzony w kostce,15,0.5,24
Lachsfleisch,21,2,2
Kaszanka konserwowa,10.1,14.5,23.1
Kiełbasa ze wsi,14,1,21
Wołowina w sosie własnym,15,0.6,14
Kiełbasa Podwawelska,15,1.5,21
Berlinki Machos a la kabanos XXL,14,3.2,22
Polędwiczki panierowane z kurczaka,18,7.9,7.9
Kindziuk,28,1.4,9
Pasztet Belgijski drobiowo-wieprzowy,8,2.6,18
Żywiecka kiełbasa sucha z szynki.,27,0.6,8.5
"Salami 2 smaki. (Salami wytrawne, Salami)",20,1.6,33
Saucissons secs mini noix,30,3.8,39
Frankfuterki wędzone,16.8,0.8,27
Prosciutto,28,0.5,13
Saucisse SÈCHE,24,3.3,39
Polędwica sopocka,16,0.8,2.3
Konserwa wieprzowa grubo rozdrobniona,13,2.4,12
Pierś pieczona z pomidorami i ziołami,22,2,2
Berlinki z indyka,13,1.8,18
Kabanos z indyka długo suszony dla smaku,23,1.4,37
Wieprzowina w sosie wlasnym,13,1.3,13
Kiełbasa Żywiecka,23,0.5,16
Pasztet wieprzowy,8.9,5.9,18
Salami z oliwkami,15,2.4,42
Pasztet drobiowo-wieprzowy z czosnkiem.,7.7,4.5,17
Kiełbasa Śląska,15,1.3,20
Pasztet z dzika z wątróbką drobiową,17,1.6,13
Golonka wieprzowa bez kości,18,0.8,15
Kiełbasa slaska extra,18,2.6,12
Polędwica łososiowa wieprzowa,21,2,1.6
Salami peperoni,22,3.1,45
Schab,23,2,4
Pasztet drobiowy z pieprzem,7,4,15
Szynka szwarcwaldzka,25,1,15
Krakowska sucha,24,1.1,6.9
Parówki wieprzowe,13,2.7,21
Salami z papryką,23,2.5,33
"Szynka Serrano, Tapas",30,0.9,14
Frytki z kurczaka,14,11,10
Pasztet wiejski,11,2,29
Salami z pieprzem,23,2,33
Burger z kurczakiem,12,6.7,15
Pasztet angielski drobiowy,11,4.1,8.5
Parówki sokoliki,15.5,1.7,13
Salami naturalne,17,3.1,40
Szynka Basiuni,17,1.5,1.9
Kiełbasa Rakowska,22,3.5,9
"Sałatka z pieczonym mięsem z kurczaka, kukurydzą i białą kapustą",4.5,9.3,23
"Pasta z kurczakiem, ciecierzycą i papryką",7.1,4,15
Salceson Wieprzowy,15,3.9,11
Chorwacka szynka dojrzewającąca,29,0.5,19.4
Schab wiejski premium,26,0.5,5.6
Pasztet Belgijski z dodatkiem wątróbki z kurcząt,8,2.6,18
Salami ostródzkie,22,0.3,39
Boczek parzony,17,0.5,26
Beef Jerky Sweet & Hot,35,25,3.8
Boczek wędzony surowy,16,0.6,23
Kiełbaski 100% mięsa,17,0.7,18
Kiełbaski z Filetem z Kurczaka,16,0.5,10
Ogonówka,16,1.2,6
Gryzzale kabanoski z kurczaka z indykiem,24,5.8,21
Gulasz z jelenia w sosie myśliwskim,18,6,1.7
Berlinki chilli,13,2.2,21
Ćwiartka z kurczaka w marynacie z łagodnej papryki,13,1.4,10
Boczek Lardons,16.4,0.5,27
Chicken kebab,15,2.6,11
Polędwica Drobiowa,17,3.5,3
Kiełbasa żywiecka z szynki.,27,0.1,12
Udziec z indyka,15,0.6,4.9
Burger wołowy,19,1,15
Szynka Wieprzowa Konserwowa Extra,15,2.1,1.9
Salami wyborowe w posypce pomidorowej,19,4,37
Pasztet z papryką,8.6,3.4,15
Berlinki Machos á la Kabanos,14,3.1,22
Indyk,16,6.5,5.3
Kiełbasa krakowska sucha,30.3,0.4,5.9
Szynka Zawędzana Wieprzowa,18,2.8,4
PELMENI,9.3,29.8,27.2
Mięsiwo w sosie własnym,18,0.5,8.7
Śląska kiełbasa,17,1,18
Salceson Hetmański,18,0.5,13
Pasztet ze szczypiorkiem,9,3.4,20
Sucha krakowska z szynki,28,1.2,8
Boczek DK Parzony,10,0.5,19
Salami dojrzewające,21,3.7,32
"Boczek wędzony, plastry",19,2.3,21
Panierowane skrzydełka z kurczaka,14,11,13
Pasztet z borowikami,10,3,16
Salami na kanapkę,17,3.4,41
Aile de poulet. Épicé,15,6.8,5.3
Tenders de poulet,21,9.6,0.6
Frites de poulet Pane,15,18,1.1
Chicken wings,20,0.7,1.5
Bio Hackfleisch gemischt,20,0.5,18
Qualivo Bockwurst ohne Darm 4 Stück,13,1,25
Kiełbasa śląska 98% mięsa,17,0.7,22
Kiełbasa bamberska,27.6,2,5.3
Per gusto Wołowina,33,2,3
Beef Jerky Klasyczne,50,6,5.5
Pekpol Ostrołęka Szynka Konserwowa,19,2.2,2
Krakus szynka od szwagra,19,0.3,13
Kiełbasa rodzinna z warzywami,10,4.6,11
Beef steak rump,23.2,0.7,2
Rostbef luksusowy,18,0.8,4.4
Szynka klasyczna,19,2,6
Nasza Kiełbasa Śląska,12,3.6,23
Boczek rolowany,16,2.2,24
Kabanosy wieprzowe Enjoy,28,3,43
Turystyczna konserwa,11,3,20
Kiełbasa biała surowa wieprzowa z rozmarynem,12,2,22
Aile de poulet fumé,18,0.7,12
Kurczak w galarecie,8.7,3.4,0.7
Mięso mielone,18,1.2,13
Kabalnosy wieprzone,23,7.8,38
Tatar z udźca wołowego premium,20,0.5,3.5
Mięso mielone z szynki wieprzowej,20,0.5,5.6
Będę jerky asian,40,17,4
Chicken tenders,12.5,21.4,16.3
Indyk w sosie maślano-koperkowym,19,0.9,9.2
Kaczka,14,2,13
Mięso mielone z łopatki wieprzowej,18,1.2,13
Chicken Strips,19,7.9,7.9
Kiełbasa zwyczajna,12,3,20
Fried chicken,18,11,10
Chicken Wings Marinated,24,4.6,8.9
Mięso Mielone Wieprzowe Ze Schabu,20,1,14
Boczek mielony,10,3.9,14
Golonka polska,11,3.4,9.4
Chicken strips panierowane,19,8.8,7.9
Boczek dojrzewający wędzony,15,0.5,26
Hamburger z kurczaka,11.8,3.1,16.5
Gulasz Wołowy,16,1.1,6
Udo prepersa,16,1,18
Pierś z kurczaka,21,0.5,6
Emmental râpé,27,1,29
Naturalny mix,15,57,2.9
Kiełki rzodkiewki,4.7,5.3,1.2
Kiełki koniczyny,4.3,0.7,0.3
Kiełki pora,2.7,1.6,0.5
Szpinak młody,2.9,3.6,0.5
Kiełki brokułu,4.3,0.6,3.2
Kiełki jarmużu,5.5,2.3,3.7
Kiełki fasoli mung,1.9,1.9,0.1
Kiełki Stir-Fry,9.6,19.2,0.3
Cooked Chickpeas,6.7,12,2.4
Red Kidney Beans,8.4,15,1
Pestki dyni,34.4,3.6,47.7
Нахут,6.4,15,2.2
long grain rice,7.5,77.4,1.9
Organic Salted Millet Snack Balls,11.3,70.2,2.3
riso integrale venere,1.7,63,2
Sunflower seeds,21.4,5.1,53.9
Riz long grain étuvé,7.4,81,1.1
Lenticchie al vapore,8.5,14.2,0.7
Riz long,7.3,79,0.8
Couscous moyen,12,69,1.8
Red Lentils,26,47,1.6
Graines de Courge,35,3.3,49
Graines de Tournesol,24,5,57
Green lentils,24,39,1.6
Darált mák,22.1,3.8,42.2
"Lencserudacskák, sós",15,55,16
Test,3.3,18,2.5
Kasza Gryczana prażona,12.4,65.1,3.2
Kasza Gryczana,13,69,3
Ryż biały długoziarnisty basmati,8.9,75,1.1
Natural mix,15,58,4.9
Bonduelle Rode Kidneybonen,7.7,13.9,0.6
SOJA Sans sucres ajoutés**,3.8,1.4,2.1
Słonecznik łuskany,21,12,52
Kichererbsen,7.8,15,2.5
Bio Organic Weisser Quinoa,13.8,60.1,6.8
Ryż biały długoziarnisty,6.8,81,0.6
haricots barbecue,4.9,13.8,0.2
Ryż Brązowy - Długoziarnisty,7.5,75,2
Avoine,0.5,7.2,1.2
Riža dugo zrno,7.2,79,0.7
Graines de sésame,23,4,54
Instant millet flakes,10,74,2.5
Ciecierzyca Grao De Bico,6.2,14,2.2
Basmati Reis,8.9,79.2,0.8
ryż czerwony,8.8,70,3.2
cizrna,18.6,45,6.2
Ryż jaśminowy długoziarnisty,7.4,78,0.5
Ryż do sushi,6.3,80,0.5
Ryż preparowany,6.3,79,1.6
Len mielony złoty odtłuszczony,34,6,12
Groch żółty łuskany połówki,21,52,1.8
Kasza jaglana,11,68,3
Ziarno słonecznika prażone,14,6.2,25
Soczewica zielona,24,46,1.1
Soczewica czerwona,25,49,3
Ryż brązowy,7.7,72,3.2
kasza Jęczmienna Perłowa,9.9,65,0.6
Rote Kidneybohnen,7.7,15,0.5
Buckwheat groats,14,60,3.2
La lentilles verte,25,45,1.8
Popcorn,9.4,67,4.7
Fasola czorwona,8,15,0.8
organic oats,14,58,7.1
Sezam,23,2.1,60
Ryż parboiled,7.8,79,1
country style barley groats,10.6,66,2.1
Ryż Jaśminowy,6.8,78,0.8
Soczewica,26,47,1.6
Ryż naturalny brązowy,7.1,76.8,1.9
ekologiczna Ciecierzyca,7.1,15,2.7
Ryż brązowy długoziarnisty,7.5,75,2
Kasza pęczak kujawski,8,71,1.3
Siemię lniane złociste,22,2,44
Ciecierzyca,21,36,5.4
Czerwona soczewica,26.9,37.8,1.7
linseed,22,25,43
Ryż brązowy basmati,7.7,72,3.2
Pestki Dyni Łuskane,34,3.9,44
Cieciorka konserwowa,6.3,15.8,2.5
Siemię lniane,22,0.6,43
Sweet corn,3,13,1.6
Ekologiczne siemię lniane brązowe,18,29,42
Ciecierzyca ziarno,18,35,5.6
Pęczak Kasza Jęczmienna,11.4,62.4,1.1
Dinkelkörner,17,60,1.7
Kasza jęczmienna wiejska,11,65,0.6
popcorn ziarno do prażenia,11,70,3.1
Ryż parboilled,8.1,80,1
Płatki jaglane,8,72,1.5
Ekologiczna soczewica zielona,19,58,5.5
mix plony natury,7,75,1
Weisse Bohnen Eintopf mit magerem Schweinfleisch,4.7,9.5,1.9
Amarantus,15,57.5,7.5
Bio Kichererbsen,6.5,14,2.7
Soczewica w zalewie,7.9,15,0.5
Ekologiczny młody jęczmień,28,41,4.1
Tahini,26,10,60
BIO Konopia nasiona łuskane,34,3.1,48
Kasza gryczana biała,13,65,2.6
Fasola Piękny Jaś karłowy,21,46,1.6
Słonecznik prażony,15,12,25
Słonecznik prażony solony,29,4.3,54
SonnenBlumenKerne,27.9,3,57.3
Ciecierzyca gotowana cała,7.7,16.3,2.7
Kukurydza konserwowa super słodka,3.2,11,0.6
ekologczny popcorn,12,57,4
Cieciorka,7,23,1.1
kasza kukurydziana,8.8,78,1.2
Yellow rice,7,77.2,10.5
Popcorn Bio Ziarno niebieskiej kukurydzy,10.7,60.7,5.1
"Lunch time - ryż, vermicelli, marchewka, groszek, bazylia",8.9,73,1.2
Pestki dyni bez łupiny,34,3.8,49
Słonecznik turecki,27.1,3.9,55.1
Ryż jasminowy długoziarnisty,6.8,77,0.8
Groch Łuszczony,23.8,60.1,1.4
Kaszka kukurydziana gruba,4.6,81.3,1
Płatki ryżowe,6.7,77,0.7
Sezam łuskany,18,23,50
ekologiczny sezam niełuskany,18,12,50
ekologiczny amarantus,15,66,6.5
fasolka mung,23,41,1.2
Ryż Basmati Długoziarnisty,7.8,78,0.6
Spicy seeds,18.8,15.3,48.3
Nasiona Chia,17,42,31
K-take it veggie Bio Brotaufstrich Ananas Curry,3.3,12,35
Błonnik witalny,15,3.2,6.2
Ekologiczny sezam czarny niełuskany,21,10,51
Fasola biała,21,35,1.6
Riz go bio,7,76,1
Ryż biały amerykański,8.1,78.7,1
Нут в розсолі,7.2,15,2.3
Ryż parboiled Długoziarnisty,7.4,74,0.4
Quinoa Trójkolorowa,13,70,3.8
Ryż Basmati Pełnoziarnisty,9,69,3.1
Ryż biały okrągły,7.7,77,1.1
Cannellini Beans in salted water (20166076),6.1,12.5,0.6
ryż biały,7.2,79,0.7
White Beans big,23,60,0.9
Unhulled black sesame seeds,21,10,50
Ryż preparowany o smaku owocowym,4,87.6,0.7
Pois chiches,6.5,14,2.4
Nakato sushi rice,7.4,76.2,1.4
Pâtes spaghetti n°5 1kg,13,71,2
Riisinuudelit,7.5,78,1.3
soba noodles,12,69.6,1.4
Lasagnes,3.6,5,0.2
Nouilles de blé poulet teriyaki,4.9,30,11
Spaghetti,13,70,1.9
Kurczak Zloty,1.3,9.1,3.3
FUSILLI AL BRONZO- Pâtes alimentaires de qualité supérieure 400G,14,70,2
Yakisoba soja classique,4.2,26,13
Spaghetti N°15,14,70,1
Ramen saveur poulet shio,1.8,10,3.6
Lasagne,13,71,1.8
Nouilles de blé,1.8,11,3.5
Fusilli,12,72,1.5
Ramen Miso et Légumes,2,11,3.6
Linguine,12,71,1.8
Yakisoba saveur Poulet pad thaï,4.6,29,11
Shin Kimchi Noodles,8.2,67,15
Macaroni,12,68,2
Pasta d'oro gluten free,5.5,79,0.8
Coquillettes,13,70,1.9
Nouille chinoise,2,10,4.5
Ramen soja,2,11,41
Noodles Chicken,11,64.1,17.5
Cannelloni - Pâtes alimentaires de qualité supérieure,13,74,1.4
Farfalle,12,71,1.8
Super Spicy Red Shin,8.1,67,14
Cheveux d'ange,13,70,1.9
Makaron Lubella Pióra nr 17,13,70,1.4
Kurczak curry instant noodle soup,1.2,8.9,3.3
Penne Rigate,13,70,1.9
Nudle ser w ziołach,1.7,9.4,4.3
Pipe rigate,13,70,1.9
Tagliatelle,12,74,1.5
Pâtes Farfalle,13,70,1.9
Świderki,13,70,1.4
3 min COQUILLETTE,12,72,1.2
Roasted Duck Sweet Onion Soup,2.1,9.1,2.9
3min PENNE RIGATE CUISSON RAPIDE,12,68,2
N°11 Spaghetti,12,72,1.3
Fusilli cuisson rapide 3mn Al dente,12,72,1.2
Sardinen in Sonnenblumenöl mit Chili,23.9,54.2,1.7
Oyakata Kurczak Teriyaki,4.9,30,11
Lasagne Bolognese mit Rindfleisch,7.2,12.8,7.5
Lasaña,8,12.8,8.4
Zupa błyskawiczna o smaku kurczaka,7.6,53,16.9
Poêlée de nouilles chinoises,3.2,12,2.1
Spaghetti Pełnoziarnisty,7,27,1
Barbecue Chicken,1.3,9.1,3.1
Grzybowa,1.2,8.6,3.2
Pasta Kids,12,72.1,1.5
Serpentini,12,72,1.2
Nouilles,13,70,1.9
Makarom pełnoziarnisty pióra,15,62,2.7
Makaron muszelki,12,71,1.5
Makaron ryżowy,5.5,79,1
Pasta Kids Peppa Pig,12,72.1,1.5
Capellini,12,72,1.2
Instant Noodles Tomato Flavour,10.2,60.6,20.8
Pasta Penne,12,73,1.5
"Pasta kids, PAW PATROL",12,72.1,1.5
Instant noodles curry flavour,10,66,17
Łazanki,13,70,1.4
Gabelspaghetti,13,70,2.5
Makaron penne rigate,13,70,1.7
Makaron ryżowy wstążki,6.9,81,0.6
Pâtes Spaghetti,12,68,2
Penne rurka skośna,11,77,0.7
Makaron bezjajeczny suszony,11,74,1.2
Ramen kimchi,10,62.5,15.8
Kokardki Farfalle,13,70,1.4
Kluski śląskie,1.6,28,1
Makaron Staropolski,11,73,1.1
Makaron soba,14,72,0.9
Tortellini z ricottą i szpinakiem,4.8,15,5.5
Penne 100% zielonego groszku,22,63,1.6
Wholegrain pasta spaghetti,16,66,3.3
Makaron spaghetti,6.6,38,0.7
Pork Ramen,2.4,11,4
Primo Gusto Spaghetti Whole Wheat,12,64,2
Spaghetti makaron,11.2,72.9,1.1
Smaki z ogrodu,12,76,1.9
Wholegrain Pasta,16,66,3.3
Soba nudels,11,61,0.5
Orzo medium,12,72.1,1.5
Makaron Penne Z Kurczakiem,9.3,14,3.8
Ramen Soy Souce,1.4,9.3,3.2
Makaron pełnoziarnisty,7.1,25,1.7
5-jajeczna Krajanka,14,69,3.2
Anelli siciliani,12,73,1.5
Ravioli z ricottą i suszonymi pomidorami,9.9,49.7,1.9
Makaron pełnoziarnisty gotowany,15,70,1.6
Makaron falbanki,11,73,1.1
Mie noodles,11,78,0.4
Makaron z semoliny z pszenicy durum z dodatkiem sepii,13,75,1.9
Tradycyjny z Ludwina 4 jajeczny,13,69,3.1
"Makaron 5-jajeczny, krajanka",13,72,2.8
kopytka,3,30,1.3
Makaron z soczewicy czerwonej,24,54,1.7
Nitki Cięte - filini,13,70,1.4
Makaron gryczany rurki,6.8,39,2.7
Kim Chi zupa błyskawiczna z kluskami,1.6,10.3,4.1
Wloski makaron,12,75,2.1
Makaron Malma pióra nr. 14,13,69,1.6
Makaron Świderki,15,70,1.6
Makaron Cavatappi,15,70,1.6
Penne,12.5,64.4,2.1
Makaron fusilli-świderek z kurkumą,11,76,0.9
Pappardelle,14,70,1
Primo Gusto Lasagne,12,73,1.5
Instant-Nudeln mit Hühnergeschmack,8.7,57,22
Makaron Tagliolini,14,74,1.6
Pâtes a l’encre de seiche,12,73,1.2
Espirales cocción rápida,12,68,2
Makaron wstęgi,13,70,3.1
Makaron Lasagne,12,75,1.8
Nitka walcowana. 5-jajeczny makaron,13,70,3.7
Makaron pełnoziarnisty świderki,7.1,26,1.6
Gniazda nitki,13,70,1.4
Świdry fusilli z żytem,7.5,31,1.6
Makaron linguine,13.5,71,1
Makaron Lubella świderki nr 19,6.6,38,0.7
Makaron 5-jajeczny w kształcie ryżu,13,70,3.7
Makaron szlachecki jajeczny. Wstażki - Gniazda,13,70,3.1
makaron ze szpinakiem,11,75,0.5
Makaron Szlachecki 5-jajeczny. Krajanka,11,72.2,2.9
Makaron rosołowy,11,77,0.7
Zupa o smaku sera i boczku,7.3,51.5,18.9
pan carré,8.4,48,3.6
Tagliatelle Carbonara,5.9,17,6.8
makaron jajeczny krajanka,14,72,3.3
Makaron Ramen noodles,15,71,2.5
Spaghetti pasta,11,74,1.2
Nudle Pieczony kurczak,1.9,11,4
Makaron rurki,11,78,1.6
Makaron z pszenicy twardej durum,13,70,1.7
Flomaria,13,70,3.4
500G Spaghetti Complets,12,66,2.1
Makaron pszenny Mie,11,72,1.6
Nudle ostry boczek,1.7,11,4
Wegańskie spaghetti z sosem bolognese,5.4,18,3.9
Makaron pełnoziarnisty z orkiszem,8.4,31,1.7
Makaron vermicelli,7.5,79,0.9
Makaron z semoliny z pszenicy durum,12,72.1,1.5
3 min spaghetti,12,68,2
3 min PIPE RIGATE,12,72,1.2
Spaguetti,12,73,1.5
Makaron pełnoziarnisty świdry z pszenicy durum,15,61,2.2
Makaron Nadarzyński,11,75,0.5
Kimchi Bowl Noodles,8.1,66,16
Makaron Nadarzyński rurka,11,75,0.5
Spaghetti z pomidorami i mozzarellą,3.2,8.2,3
Richtig Śląskie Nudle,12.7,76,2.9
Mie - Makaron klasyczny,11,75,1.2
Makaron z mąka gryczaną - Penne,7.4,79,2
Makaron Ramen,11,80,1.1
Kolanka ozdobne,13,70,1.4
Makaron szlachecki,12,72,3.2
Makaron Chow Mein,11,74,1.5
Macarrones,12,68,2
Makaron kokardki,13,69,1.6
Massa de arroz integral,7.7,77,2.7
Makaron spaghetti nr 79,15,70,1.6
PASTANI PENNE,15,70,1.6
Mushrood soup,2,12,1.5
Tomato soup,2.1,11,0.4
Tortellini viande,8.1,31,4
Makaron muszelki nr 26,6.6,38,0.7
Ramen Tonkotsu,1.6,13,3
Linguine z matchą,14.1,69.3,1.7
Локшина швидкого приготування,6.9,47,19.3
Kluski slaskie,15,30.8,0.1
Saucy noodles smak sweet chili,2.2,15.5,4.7
SamSmak o smaku serowa 4 sery,1.6,9.8,3.6
Pomidorowa,1.6,9.6,3.4
Swiderki spirals noodle pasta,13,77,1
Makaron swiderki 4-jajeczna,13,72,2.7
Makaron Wstążka Przepiórcza,12.2,72.2,1.8
Makaron mini świderki,13,70,1.4
Linguine makaron z semoliny z pszenicy durum,12,72,1.3
Makaron Dobrusia,10.8,73.4,1.2
Ravioli z dodatkiem trufli,11,48,9
Green pea pasta,22,55,1.8
Tagliatelle rigate,6.6,38,0.7
Tortelloni z serem ricotta i szpinakiem,10,50,7.5
Makaron woliński z kurkumą,9,73.4,1.1
Makaron Spaghetti Pełnozoarnisty,15,61,2.2
Makaron Krajanka 2-jajeczny Wyborny,10.8,73.4,1.2
Makaron 4-jajeczny tradycyjny z Ludwina ryż,13,69,3.1
Makaron sojowy nitka,53.8,36.4,1.5
Richtig Ślonskie Nudle - Makaron 8 jajeczny,15,69,4.3
Zupka hińska,1.5,9.1,3.1
Spaghetti bolognese,5.8,17,2.6
Tagliatelle z pomidorami,12,71,1.5
Makaron penne niski indeks glikemiczny,7.8,20,2.8
Soba nodles,12,61,0.5
Ramen mit Hähnchenfleisch,5.2,11.3,0.9
Makaron protein,19,63,2
Makaron fusilli wieloziarnisty,8.9,51,2.8
Ramen Tantammen,9.6,21.5,13.8
Fusilli Beauty,8.6,38.9,2
Spaghetti Gluten free,5.5,79,0.8
5-jajeczny makaron,14,69,3.2
Makaron 5 jajeczny,13.1,71.6,2.8
"Alpro Mandeldrink, Original 1L",0.4,2.4,1.1
High Protein Drink Cacao,10.1,5,0.3
High Protein Drink Gusto Vaniglia,10.5,5.5,0.2
Masło orzechowe,24,14,50
SEREK WIEJSKI,11,2,5
Butter Extra 82%,1,1,82
Burrata,10.3,2,23.3
Mozzarella di latte di Bufala,13,0.7,23
Śmietana 18%,2.5,4.8,18
Crème dessert saveur vanille,10,6.3,1.5
Hochland Almette Soft Cheese 150G,6.7,3.2,24
Creme Brulee,4.3,20.4,14.7
High Protein Quark Raspberry,12.5,3.6,0.5
Crème dessert saveur chocolat riche en protéine,10,5.9,1.5
Serek wiejski lekki 3% tłuszczu,11,2.3,3
"Łaciate 3,2%",3.2,4.7,3.2
Masło ekstra,1,1,82
"Mleko WYPASIONE 3,2%",3.2,4.7,3.2
Skyr Icelandic type yoghurt blueberry,6.5,9.5,1.5
Twaróg wiejski,16,3.8,4
Serek Wiejski wysokobiałkowy,15,2,3
Skyr jogurt pitny typu islandzkiego mango & marakuja,6.5,10,1.5
Ser królewski,26,1.2,27
Serek homogenizowany waniliowy,7.2,13,6.3
Łaciaty serek śmietankowy,5.8,4.8,23
Skyr jogurt pitny Naturalny,7.6,4.3,1.8
Twój Smak Serek śmietankowy,6,3,23
British Mature Sliced Cheddar,25.4,0.1,34.9
Mullermilch šokolādes,3.2,12.3,1.5
hleko,3.2,4.7,3.2
Masło extra Łaciate,0.6,0.8,83
Serek Almette z ziołami,7,3.1,22
Полуобезмаслено безлактозно краве мляко 1.5%,3,4.7,1.5
Jogurt pitny,6.5,10,1.5
"Mleko zagęszczone 7,5%",6,10.2,7.5
Kefir Naturalny,3.4,4,1.5
Mleko Polskie SPOŻYWCZE,3,4.7,2
Cream cheese with herbs,5.3,4,20
Mleko wieskie świeże 2%,3.2,4.8,2
Jogurt naturalny typu greckiego - Fruvita,3.6,5,10
Кисело мляко с вишни,3.4,13.5,2.7
Low Fat Cottage Cheese,11,2.4,3
Mleko wiejskie,3.1,4.7,3.2
"mleko UHT 3,2%",3,4.8,3.2
"Mleko świeże 3,2%",3.2,4.7,3.2
Favita,10,4,18
Serek puszysty naturalny Łaciaty,5.8,4.8,23
Müllermilch,3.2,10.5,1.4
.,3,4.7,3.2
Skyr,6.5,9.5,1.5
Синьо сирене,19,1.5,25
Soured cream 18%,2.7,4.8,18
Tradycyjne masło irlandzkie,0.7,0.7,82.5
Jogurt Grecki naturalny,3.6,5,10
Produkt mleczny bez laktozy 2%,3.9,2.6,2
Пълномаслено краве мляко 3.5%,3.3,4.7,3.5
Świeże mleko,3.2,4.7,3.2
Śmietana Polska 18%,2.3,4.2,18
Mozarella,17.5,0.8,17
Ser Rycki Edam kl.I,26,2,27
Müller Müllermilch Bananowy Napój Mleczny 400 G,3.1,12.2,1.4
Mleko UHT 2%,3.3,4.8,2
Pudding proteinowy,10,6.3,1.3
Serek wiejski naturalny,11,2,5
Jogurt naturalny,6,4.8,3
High Protein Drink Chocolate,10.6,5.3,0.3
Skyr Vanilla,8.8,4.1,0.2
Müllermilch PROTEIN,6.5,10.6,1.6
Mlekovita Favita Ser Sa?atkowo Kanapkowy 12% T?uszczu Light 270G,13,7,12
Serek Wiejski Lekki,12,2.5,3
Camembert,18,1.3,31
Fromello,6,3,23
Kefir Naturalny 1.5%,3.6,4.6,1.5
Twarożek grani klasyczny,11,2,7
"Mleko Świeże 2,0%",3.3,4.8,2
Original Allgäuer Limburger,23,0.5,19
Fromage blanc 3% de matière grasse,6.9,4.3,3
Riso o smaku waniliowym,3.3,16.8,2.5
Lactose Free Milk,3.2,4.7,3.2
Lovilio Mozzarella,17,2,16
Monte,2.6,15.7,11.8
Mleko 3.2%,3.2,4.7,3.2
Hochland Tost,16,6.6,17
Monte Max,2.6,15.7,11.8
Serek Homo Wanil 200G Rolmlecz,7.5,13,5.5
Full Fat Curd Cheese,15,4,7.5
Butter,0.8,1.1,75
Bakoma jogurt naturalny typ grecki,3.5,4.7,7.5
MLEKO,3,4.7,1.5
Muller MIX Vanilla taste jogurt choco balls,4,16.5,5.3
Fantasia,3.2,15.6,8.3
Spécial pâtes,26,1,24
Puszysty Serek Jogurtowy,7.3,4,24
Mleko zagęszczone słodzone,7.3,55,8
Млечна напитка с вкус на ванилия,6.6,10.2,1.4
Tiramisu,4.5,32,2.6
"Tradycyjne masło Irlandzkie, solone",0.7,0.6,80
CHEDDAR Processed cheese slices,24,5.8,17
Cream cheese,7,4,23
Fruvita Pure,2.6,9.5,0.8
Napój mleczny o smaku ciasteczkowym,3.4,10.1,1.6
jogurt naturalny kremowy,6,4.8,3
Activia,4.5,5.7,3.7
Primo śmietanka 30%,2.3,3.4,30
Jogurt z probiotykami truskawka kiwi,2.9,10,0.8
Delikate Serek Smetankowy,6,3,23
Danio smak waniliowy,5.3,14,2.9
White cheese smoked,4.7,1.1,6.2
Duńskie masło lekko solone,0.6,0.7,82
"Mleko 3,9 %",3.1,4.8,3.9
Serek homogenizowany o smaku waniliowym,5.3,12.8,2.9
Jogobella Brzoskwinia,3.5,12.2,2.7
Gouda - ser topiony kremowy,10,9,16
Almette a chrzanem,6.8,4,23
Twarożek Domowy grani naturalny,11,2,7
Mozarella a Fette,24,0.9,21
"Kefir naturalny 1,5 % tłuszczu",3.2,4.5,1.5
Serek wiejski z jagodami,8.6,10,4
Sandwich fromage fondu,13.7,6.1,16
Fantasia z płatkami w czekoladzie,3.4,16.8,7.9
twaróg,17,4,4
koktajl spożywczy,10.2,9,1.2
Świeże mleko 2%,3,4.7,2
Śmietana,2.6,3.1,18
Wydojone,3.2,4.7,1.5
Mozzarella,17,1,18
Mleko 2%,3.2,4.7,2
Koktail Białkowy malina & granat,10.2,9,1.2
"Mleko UHT 3,2",3,4.7,3.2
Duńskie masło,0.6,0.7,82
"Mleko 1,5%",3,4.7,1.5
"Mleko bez laktozy UHT 1,5%",3.3,4.8,1.5
Zott Jg.jogobella Trus.150G.,3.5,13.7,2.7
Danio stracciatella,5.8,12.8,4.4
Jogurt jagodowy,2.4,8,1.8
Kajmak masa krówkowa gostyńska,6.6,50,7.2
Топено сирене с Гауда наразяно,24,5.8,17
Masło extra 82% tłuszczu,1,1,82
Bon Gelati Eiscreme mit Schlagsahne,4.2,26.6,13.2
Bakona Jogurt Naturalny Gęsty,3.3,4.9,2.8
Mleko świeże bez laktozy 2% tłuszczu,3,4.7,2
Jogobella Strawberry Standard,3.5,14.8,2.6
Maślanka Mrągowska,3.5,5,1.5
Топено сирене със сирене Тилзит,12,7.4,16
twarożek,6,3.7,26
Caramel macchiato,2.9,9,1.6
Jogurt kremowy z jezynami,3.5,19.7,2.6
Coconut homogenized cheese,7.2,13,6.3
"Müllermilch, napój mleczny o smaku malinowym",3.2,10.1,1.3
Milk,3.2,4.7,3.2
Duet jogurt pitny Truskawka-Kiwi,1.7,10.5,0.8
Riso Strawberry,2.9,17.9,2.1
Mleko 3.8%,3.2,5.1,3.8
Kefir naturalny 2%,5.7,8,3.3
Twaróg półtłusty,17,3.5,4
Milk Lactose free 3.2% UHT,3,4.7,3.2
JOGURT  FRUVITA,6.8,1.2,1.7
Mozarella ser tarty,24,2.5,20
Twaróg krajanka,19,3.7,4
Ser kremowy w plastrach gouda,16,6.7,17
Ser sałatkowo-kanapkowy półtłusty,13,7.5,12
Mleko UHT 3.2%,3.2,4.7,3.2
Serek proteinowy ze skyrem (brzoskwinia-mango),12,5,0.2
Pik Nik Kids,26.7,0.3,20.8
smietanka laciata,2.2,3.3,30
kokos naturalny,0.7,6.4,3.7
Jogurt kremowy z malinami i granolą,2.9,20.3,5.8
Serek śmietankowy,6,3,23
Mozzarella light,19,1,8.5
Almette śmietankowy,6.3,2.4,25
bita śmietana spray,2.6,18,21
Jogurt pitny proteinowy,8,6.4,1.5
Fantasia z wisniami,2.3,15.9,5.3
Masło osełkowe ekstra,1,1,82
Jogurt,5,4,2.4
serek puszysty klasyczny,6,3,23
Jogurt bez laktozy,2.8,4,9
Fruvita jogurt truskawkowy,2.7,12.6,2.5
"Milk, 2% fat",3.2,4.7,2
"Jogurt z jagodą, czarną porzeczką i ziarnami zbóż",3.4,14.8,2.5
Roi du château,16,0.5,32
Jogurt pitny truskawkowy 0% tluszczu bez dodatku cukru,3.7,6,0.2
Masło ekstra z Łukowa,0.7,0.7,83
Fruvita,3,8.7,0.9
Łaciate,3.3,4.8,1.5
Starbucks frappucino,2.8,9.7,1.6
Müllermilch Shake,3.4,11,3.5
Jogobella Musli,3.8,13.2,3.1
Ser kremowy w plastrachz szynką,17,4.5,19
Lait,7.1,63,25
Serek homogenizowany stracciatella,6.6,12,6.5
Jogurt typu greckiego,3.8,5,10
Masło Extra,0.6,0.8,83
Serek Tutti Prosty Skład,7.2,12.9,6
Łaciaty z czosnkiem,5.8,4.9,23
Masło Ekstra 82%,0.7,0.7,82
Mleko UHT,3,4.7,3.2
Jogurt Pitny Proteinowy Banan,8,6.7,1.5
Jogurt naturalny typu greckiego,3.6,5,10
Cream Cheese with Chanterelles,5.5,5.7,21
Ser kremowy ze smietanka,11,5.8,16
Serek Wiejski Klasyczny,11,2.5,5
Camembert naturalny,18,0.5,24
Ser Królewski Light,31,1.6,19
Almette ser twarogowy,7.1,3.5,24
Serek waniliowy,7.5,13,5.5
Almette z pomidorami,7.3,4.4,21
Jogurt z kiwi,3.5,11.8,2.7
Хомогенизирано прясно краве мляко 3.2%,3,4.7,3.2
Jogurt Naturalny Gesty,3.3,4.9,2.8
Serek wiejski lekki 3%,11,2.4,3
Lactose-free extra butter,0.7,1,82
Ale Pitny truskawka-poziomka,1.6,13.1,0.8
Śmietana 12%,3,4,12
Butter Extra,0.7,0.7,82
Śmietanka UHT,2.2,3.1,30
Ser feta,16.5,0.7,23
Śmietana naturalna 18% Pilos,2.4,3.9,18
Serek śmietankowy meksykański smak,5.8,4.9,23
kaus.siers Hochland ar sald.krēj.,11,6,15
Jogurt pitny z owocami leśnymi Fruvita,2.8,11.8,2
Ser Halloumi,20,1.4,24
Bieluch Serek Naturalny,8.6,4,8.5
Dessert proteico gusto cioccolato,10,6.4,2
Jogurt pitny truskawkowy,7.6,9.7,1.5
Pur Chèvre,20,1,28
"Mleko UHT 1,5%",3.3,4.8,1.5
Cottage cheese with strawberry,8.6,10,4
Mleko Migdałowe,0.6,3.7,1.4
YoPRO (Smak Truskawka Malina),8.4,5.5,0.5
Ser gouda plasterkowany,25,1.1,26
Serek wiejski z malinami i żurawiną,8.6,10,4
Jogurt pitny 0% śliwka,3.7,6.2,0.2
Serek śmietankowy z cebulą i szczypiorkiem,5.8,4.9,23
Serek Laciaty z chrzanem,5.5,5,21
Camembert ziołowy,18,0.5,24
Skyr Waniliowy Typu Islandzkiego,10.2,12.1,0.1
Jogurt brzoskwiniowy,3.5,12.2,2.7
Natural kefir,3.4,4.9,2.5
Śmietanka,2,3,36
Ser topiony w plastrach z szynką,20,5.6,17
Łaciate Uht Milk 2.0% Fat 0.5 L,3.3,4.8,2
Pure Jagoda/Banan,4,11.3,3.1
Serek Tutti - Truskawkowy,5.4,14,5
Ser Carski,26,1.3,26
Nasz camembert naturalny,18,1.3,31
Go Active Napój proteinowy - słony karmel,10,4.5,0.1
Fromello - Serek z cebulą i szczypiorkiem,5.8,4.9,23
Original Greek Feta,16.4,0.4,22.5
jogurt Naturalny Gęsty,3.3,4.9,2.8
Jogurt Bio Fresas,3.4,14.2,2.5
Śmietana łaciata 18%,2.7,4,18
taciate,3.2,4.7,3.2
Tworóg półtłusty,16,3.8,3.5
Cheddar długodojrzewający 10m-cy,25.4,0.5,34.9
Gouda,25,1.1,26
Paluszki Serowe,27,0.5,21
Tradycyjnie masło z Łosic,0.8,0.6,82
Jogurt dobry na drogę,2.9,13.1,2.7
Activia yaourt à boire myrtille,2.9,10,0.9
Vintage Cheddar,25.4,0.1,34.9
Jogurt do picia brzoskwinia - mango.,2.8,12.1,1.6
Bon Creme  jogurt kremowy kokos&migdał,2.8,13.8,6.3
Cottage cheese,11,3,5
SBA Protein Milk Shake Czekolada,7.4,4.9,1.1
Serek twarogowy śmietankowy,7.6,3.2,22
Jogurt o smaku pieczonego jabłka,2.7,14.5,2.5
Gorgonzola Pikantna,20,0.9,29
Actimel fraise,2.8,12,1.5
Jogurt pitny o smaku suszonej śliwki 0% tłuszczu.,3.7,6.2,0.5
Mlekovita - Jogurt Naturalny,3.9,5.3,3
"Mleko świeże bez laktozy 2,0%",3,4.7,2
Jogurt wysokobiałkowy low carb waniliowy,6.8,1.2,1.7
Masło ekstra bez laktozy,0.7,0.7,82
ProteinSkyr,8.7,6.8,1.5
Riso o smaku pistacjowym,3.2,18.3,2.4
Śmietanka UHT 12,2.7,3.9,12
Skyr Mango-Marakuja,6.2,13.9,1.4
Kaszka Proteinowa Mleczna,8,8.7,1.5
Serek bieluch,9,4.5,3
Mozzarella light Zottarella,19,1,8.5
UHT Cream,3,4.2,12
"Mleko 3,2%",3.2,4.7,3.2
"Mleko UHT 2,0%",3,4.7,2
Serek kremowy z pomidorami i bazylią,7.3,5.3,14
Twaróg klinek chudy,20,3.5,0.2
Jogurt Bio z morelami,3.4,14.2,2.5
Mascarpone ser śmietankowo-kremowy,3.4,4.9,40
Ser Rycki Edam,26,2,27
śmietana 12% do sałatek,3,4,12
Serek homogenizowany ciasteczkowy,6.6,12,5.8
Śmietanka z czekoladą,2.9,23.1,7.1
Garlic & Herbs Lactofree Fresh Cheese,8,4.1,16
Piątuś waniliowy,6.5,11,5.6
Fromage Blanc Nature 0% MG,8.5,4.9,0.5
Blue niebieski,19,1.4,32
Twaróg delikatny naturalny,9.1,3.1,7
Kremowy serek twarogowy kanapkowy ze szczypiorkiem,4.6,5.8,18
Napój mleczny o smaku kawowym,2.8,10.9,4
Twarog sernikowy,9.7,4.2,4
Corregio,32,0.5,26
Bondi,2.7,15.8,13.6
Danio brzoskwiniowy,5.4,14.4,2.9
Napój mleczny kakaowy,10.3,5.7,0.3
Ser kremowy z szynką,11,6.2,16
Ayran napój turecki,2.1,3,1.5
Śmietanka łaciata  do zup i sosów 18%,2.7,4,18
Capresi serek śmietankowy z papryką,6.9,3,24
Fruvita duo,4.5,16.8,8
Naturalny twaróg półtłusty,17,3.4,4.2
Śmietanka 12%,2.7,3.8,12
Lactose free UHT milk,3,4.7,1.5
Twaróg Półtłusty (Bez Laktozy),17,4,4
Śmietana mleczna dolina,2.7,4,18
"Mleko Bez Lektozy 1,5%",3.3,4.8,1.5
Original,9,62,1.5
biscottes braisées,14,59,5.6
Petits pains grilles,10,66,10
Toast crock' céréales complètes,9.9,67,3.1
Beau & bon seigle,10,44,7
Biscottes sans sel ajouté,12,75,5.1
Biscottes Blé complet,12,62,4.9
Biscottes complètes x36,15,63,4.8
Piada sfogliata,5.7,36.9,7.2
Biscuits Nature,11,74,5
Wheat Tortilla wraps,9.9,52,6.5
8 Tortillas au blé,9.4,55,7.3
Wraps blé complet,7.7,48,7.4
BISCOTTES Nature,11,72,5.6
Vollkorn Tortilla Wraps,9.3,46.3,6
Biscottes,14,61,10
Petits pains grillés,9.8,69,11
Grissini Rosmarino - Breadsticks with Rosemary,11.5,68,10.8
Tortilla Wraps XXL,10,53.2,7.6
Tortilla – placki pszenne,9.5,40,7.2
P’tit tranché Graines,3.6,40,4.9
Tost pełnoziarnisty,10,43,2
free from white bread,4.7,39.4,3.4
Paluszki słone,12,71,3.6
Biscottes goût brioché,11,73,5.1
Tortilla,8.8,49,6.7
"Sandwich cheese tomato&basil 120g, int",12,53.5,23
Tost  maślany,8.6,50,3.2
Sandwich Cheese & Chives,8,50.4,21
tosty pszenny,7.9,49,1.4
Pain DE mie,8.2,47,3
Pieczywo Sonko Lekkie 7 Ziaren,8.6,76.8,1.5
Chleb Pszenno-Żytni,7.6,49.3,1.3
Chleb Wiejski,6.8,47,1.2
Beskidzkie paluszki z solą,11,73,5.5
Tortilla wraps,7.9,50,6
Lekkie żytnie,8.2,74.5,1.6
Toast bread,8.8,52,3.9
Pieczywo z pełnoziarnistej mąki żytniej,9,65,1.5
Chleb Tostowy Z Mąką Pełnoziarnistą,9.5,45,2.1
Pieczywo Chrupkie Zytnie CRISPY z pomidorami i bazylią,12,58,20
Chleb żytni,5.6,36,1.4
Chickpea cakes,12,73,3.2
Pieczywo kukurydziane chrupkie,7.8,83,0.9
Wraps lo-carb whole wheat tortilla,9,48.3,6.7
Chleb żytni z dodatkiem amarantusa i komosy ryżowej,5.3,31.7,5.2
white Bagels,10.1,54,1.1
Kit fajitas,9.4,55,7.3
Mleczne bułeczki,9.6,50,12
Slim bread,20,38,29
Paluszki solone,12,72,5.7
Pano Tortilla placki pszenne,8.3,53,4.8
paine fără gluten,10,16,28
LAWASZ pszenny chleb,8.7,53.3,3.7
Lawasz,9.9,56.9,4.2
Biscottes à la farine complète 57%,13,65,6
Organic Pita Bread,7.9,50.9,0.9
Chleb Firmowy,7.6,49,1.5
Sucharki,13,68,7.4
Pinsa,8,46,4.3
6 Wraps,9.4,55,7.3
Bułki pszenne do hot dogów.,7.5,54,3.3
Tost maślany,8.6,50,3
Tradition graines,8.2,43,2.8
Tost pszenny,7.8,49,1.4
Pieczywo chrupkie razowe,11,72,4.5
Bułeczki śniadaniowe,9.5,50,12
Pita Pszenna,8.4,48.5,1
"Chleb żytni z pełnego ziarna żyta, razowy",6.9,33,5.4
Bułeczki mleczne z czekoladą,9.3,52,13
Bułka Burger,8,51,4.6
Buns burger,7.9,50.6,4
Grissini Torinesi,13,72,7.4
Bułka tarta,12.5,71,1.2
Chleb żytni z ziarnami,8.4,37,5.9
Pieczywo żytnie chrupkie,8.9,74,0.8
Tost trzy ziarna,9.3,40,6
Chleb Baltonowski,6.9,49,1.1
Delikatesowe extra sucharki,11,73,4.1
Chleb wieloziarnisty Złoty Łan,9.8,46,4.6
Sticks verzi,11,73.3,8.3
Chleb Mieszany Razowy,5.7,42,1.3
Chleb razowy żytni,5.4,30,1.3
Sesam Bagel,10,49,5.3
Wasa Pieczywo chrupkie z błonnikiem,13,46,5
Hot dog francuski bułki pszenne,9.2,50,1
Chleb,6.8,47,1.2
8 soft flour Tortillas,8.8,53,5.4
8 tortillas,11,54,6.3
Lekkie ze słonecznikiem,8.9,78.1,1.5
Hot dog pszenno-żytni,8.5,55,2.8
Chleb Tostowy 4 ziarna,10,46,5.4
LaPinsa,8.3,42,6
Grzanki pszenne z czosnkiem i pietruszką,8.9,52.9,30.4
Tortilla Wraps with whole wheat,9.3,46.3,6
Brioche style Buns,7.9,51,5.7
Wheat flour tortillas,8.5,52,6.9
Bułki z ziarnami,12,44,9.8
Baguette Brötchen,8.7,50,1
Bagietki,8.7,50,1
Chleb tostowy pełnoziarnisty,10,44,2.3
Pizza classica italiana,8.3,49,6.9
Mini Grzanki Pszenne z Czosnkiem,10,61,21
CRISPY PIECZYWO CHRUPKIE z serem i cebulką,18,41,21
Mieszanka do wypieku chleba żytniego. Chleb żytni.,12,63,3
Dan Cake Toast Bread wholegrain,9.5,43,3
Chleb z kiełkami żyta,9.9,42,1.2
Mieszanka do wypieku chleba pszenno-żytni. Chleb baltonowski,11,65,2.9
Bajgle z ziołami prowansalskimi,12,61,15
Kräuter Baguette,7.1,41,13
Bułki do hamburgerów z sezamem,10,48,4.3
Bułki hamburgerowe z sezamem,9.8,46.2,5.6
Chleb Graham,7.3,41,2.2
Paszka,9.8,71,1
Chleb słonecznikowy krojony,7.8,52,4.4
Chleb wieloziarnisty ciemny,8.8,53,5.1
Chleb Sandomierski,6.1,57,1.2
Chleb wieloziarnisty,7.7,46,4.3
Chleb Baltonowski krojony,7.2,68,1
Chleb wiejski krojony,5.7,49,0.9
Tost z mąką pełnoziarnistą (pszenno-żytni),8.4,44,1.7
Bułeczki pszenne częściowo pieczone - do samodzielnego wypieku.,8.5,50,1
Grzanki z ziołami,13,67,7
Chleb żytni z żurawiną,5,47,1.1
Chleb Danuty (pszenno-żytni),8.3,40,3.8
Bułki hamburgerowe XXL,9.2,46,3.4
Chleb Żytnio-Wiejski,7,57,1.6
Bułka tarta pszenna drobno mielona,12,71,1.4
Chleb wiejski pszenno-żytni,7.3,54.9,1.4
Chleb Kamyśnisk krojony,7.2,52,1.3
"Chleb firmowy, pieczywo mieszane pszenno-żytnie",5.5,47,1.7
Chleb na maślance,6,47,1.7
Chleb żytni-razowy,6.9,44.5,1.3
Chleb żytni wieloziarnsty,6.9,40,5.2
Bagietka z masłem czosnkowym,7.1,41,13
Chleb tostowy pszenny,8.6,50,3
Wielloziarniste,10,56.5,4
Bułka do hot doga,9.2,55,12
chleb żytni z sieminiem lnianym,7,40,4.2
Tortilla Pszenno-Żytnia,8.4,41,4.5
Kebab z kurczaka,8.2,29,13
Pšeničné bagety,8.7,50,1
Maxi burger buns,8.5,49,5.5
Suchary Pszenne Mini,11,70,7
Chleb żytni bez drożdzy,3.6,47.4,1
Bułki do Hamburgerów,8.4,53,11
Kajzerka kebab,9.8,29,16
Pretzel sticks with onion flavour.,12,72,5.3
Taco shells,6.6,55,23
Chleb Litewski,6,49,1.1
"Chleb przaśny, Podpłomyki",12.4,80.6,4.3
Chleb koszarowy,6.3,41,1.8
Pieczywo chrupkie Żytnie,8.7,72,0.9
Chleb Baczyński na zakwasie krojony.,6.9,50.5,1.3
Chleb Żytni Poligonowy z nasionami słonecznika,5.7,48,2.8
Pain burger simply,9.9,45,4.7
Chleb żytni razowy,4.8,44,1.8
Chleb Zbójecki,8,41,7.5
Kajzerka pszenna,9.7,56,2.5
Chleb do żuru,8.2,58,1.2
Chleb z ziarnami,9.7,40,5.8
Bułki &quot,9.6,60,6.3
Panierka orientalna Panko,14,74,1.6
Wraps Tortilla classic,9.5,54,7.2
Tortilla - placki pszenne,6.1,59,6.7
Chleb wielozbożowy żytni pełnoziarnisty,5.8,33,2.8
Tortil,7.9,51,5.9
Chleb słoński krojony,6.4,54,1.2
Chleb żytni pełnoziarnisty pasteryzowany,5.3,37,1.4
Tortilla gyros,9.8,19,10
Pieczywo chrupkie kukurydziane,8.1,75.4,2.9
Tempura panierka,6.6,79,0.9
Chleb myślenicki,7.8,55.2,1.3
Baciarki z ziołami i solą morską,11,70,9.8
Hot-dog pszenny,8.5,55,2.8
Bułka tarta klasyczna,12.5,71,1.7
Lawasz Ormiański,9.9,57,4.2
Classic Pszenny Hot Dog,9.9,48,1.4
Pieczywo chrupkie gryczane,12.2,69,2.4
Chleb jakubowy żytni razowy,7.4,31,6.5
chleb IG,12,40,8.8
Pieczywo żytnio-pszenne z maślanką,5.7,45,1.2
Bułki śniadaniowe,9.7,51,1.4
Sucharki z rodzynkami,9.8,72,3.4
Maca razowa,9.4,7.8,1.4
Chleb rodzinny,4.5,50,1.1
Chleb razowy krojony,6.4,57.9,1.5
Chleb pełne ziarno - pieczywo mieszane,10.4,42.3,16.6
Bagietka Fitnes,10,47,5.1
Corn Crispbread,7.6,82,0.5
Junior paluszki,11,74,5.6
Pain,8.3,46,1.5
Tortilla wrap,8.5,52,6.9
Grzanki,12,71,6.5
Toasts genereux,8.3,50,5.8
Chleb okrągły,8.4,47.8,2.9
Chleb pasterski pieczywo pszenno-żytnie,9.1,40,1.2
Chleb moniecki razowy,5.3,50,1.6
Chleb żytni miodowy zs śliwkami,5.2,54,1.8
Tortilla z ziarnami,9.1,50,6.5
chleb słonecznikowy,8.1,50,4.8
Weka pszenna,9.5,59,2.2
Bułki hot-dog,9.2,50,4.4
Hot dog rolls,8.7,49.8,4.7
Chleb śniadaniowy krojony,7.8,52,1.7
Chleb wojskowy,4.4,41,1.1
Mehrkorn Bagel,11,51,4.1
Chleb Oliwski,8.4,48.5,0.9
Chleb żytni  z nasionami słonecznika,6.9,45,5.3
Chleb ciemny wieloziarnisty,9.2,35.2,1.4
Chleb jasny,4.2,37.7,10.3
Chleb z przyprawą włoską,1.9,54,3.9
Chleb razowy mestemacher,5.1,37.9,1.2
Graham crisp bread,11.8,66.4,4.2
Pita,8.9,45,1.2
Chleb pełnoziarnisty żytni,7,37,6.5
Chleb ze slonecznikiem,9.7,38.7,8.1
Gourmet Brioche Style Buns,8.7,53,3.3
Pieczywo chrupkie typu lekkie żytnie,7.9,65.3,2.2
Chleb polski razowy,7,40.1,1.6
Pita z Oliwa z Oliwek,8.5,52,0.9
Chleb mistrza Adama,5.5,47,1.2
La Pinsa Gourmet,7.6,46,3.5
Grissini,16,55,22
Hot dog Graham,8.9,44.6,2.1
Tortilla pełnozoarnista,9.4,48,6.3
Chleb Szreniawski,9.3,54,0.8
Chleb orkiszowy pieczywo mieszane pszenno-żytnie,7.4,40,1.2
Ciabatta,2.1,46,6.3
Bread crumbs,11,75,4.3
Werther's Original,0.3,86.9,8.4
Tic Tac orange,0.1,96.7,0.7
Sezamki,11,54,25
Tago Ciasteczka owsiane z sezamem,5.5,65,23
Balla stixx,2.7,83,3.6
Ptasie mleczko,3.5,58,22
WW,7.5,61,29
Fruit gummies,1,75,2
Jeżyki Kokos imp,5.6,60,25
Złote Misie,6.9,77,0.5
Mini Marshmallows - arôme naturel de vanille,3.2,79,0.5
Veggiefant,0.5,84,0.5
TicTac Orange,0.1,96.7,0.7
Kinder delice,9.8,56,28
Himbeer-Schnüre,0.3,89,1.6
Marshmallows,4,80,0.5
Mega Grześki Toffi,7.8,59,29
Śmiej żelki kwaśne gwiazdki,0.1,82,0.1
mini grzeski,9.4,54,30
Tagada Pink et pik,2.8,88,0.5
Czekolada Gorzka O Smaku Espresso,5.9,49,33
Głodny wilk na tropie truskawkowy,1.4,79,0.4
Herbatniki w masie czekoladopodobnej (49%),7.2,62,24
Zozole sticks,0.8,86,2.3
F**king Delicious snack bar caramel peanut,9.5,37.5,27.5
Cola,2.3,84,2.1
Rolada Cytrynowa,4.1,63,11
Marshmallows Mix,4,80,0.5
Ba! 5 Bakalii,4,76,6.8
WW gorzka czekolada,6.8,51,27
Strong & rich coffee candy,0.6,86.2,9.9
Śmiej żelki happies,6.5,75.3,0.1
Fruit-tella,1.6,70,5.6
Karmelki twarde mleczne,0.6,91,4.6
Toffino creamy,3,70,22
Wafel przekładany kremem orzechowym w czekoladzie mlecznej.,9,54,31
Karmelki mleczne,0.6,90.7,4.6
Kiss-Cola (confiserie gélifiée goût cola),0.5,86,0.5
Kraina Czarów Rainbow-Edition,0.1,84,0.2
Żelki owocowe wzbogacone witaminami,6.5,75.4,0.2
Chalwa sezamowa,8.7,58.2,27.6
Nadziewane ziołowe cukierki z melisa i witaminą C,0.1,94,0.1
Estella orzechowa XXL,6.9,57,31
Estella kokosowa,6.5,58,30
"Nimm 2 Boomki musss - pomarańcza, jabłko, wiśnia, cytryna",0.1,84.2,3.8
Cukierek rozpuszczalny o smaku marakui z wiórkami kokosowymi,0.5,80,9.8
Rurki waflowe z kremem o smaku waniliowym,6,62.5,25.3
Wafle o smaku toffi,7.3,59,28
Nadziewane ziołowe cukierki z szałwią i Wit. C,0.1,94,0.1
Jeżyki coolki dark,6.8,57,29
Ups! Karmelki mleczne,1.7,89,6.1
Owocowe żelko-pianki,4.7,78,0.5
Protein Balls,17,29,43
Fruit sticks - Truskawka,1.6,76,0.4
Wafle przekładane nadzieniem o smaku krówkowym,3.3,63,21
Toffino Choco,2.8,70,22
Fruit & Veggie,0.1,80,0.2
Mega Roulette,6.9,77,0.5
Christmas Time (Confiserie gélifiée),5.7,77,0.5
Tic Tac Apple Mix 18G,0.1,95,0.4
Cukierki kakaowe,4.5,78,8
Zelki be raw,1.9,76.3,0.6
Śliwka w czekoladzie,4.1,74,8.9
Trolli Confiserie gélifée,5.4,77,0.1
Cukierek rozpuszczalny o smaku brzoskwiniowym,0.5,82,9.2
Podniebne Mleczko o smaku kokosowym,2.8,62,20
kakaokiks,4.9,69,20
Mix dekoracji Nocne niebo,0.3,95,1.4
Draże Wiking kakaowe,3.8,77,15
Schokolinsen,4.1,75,16.2
NUTLOVE PRALINES milk choco nugat,3,54,37
Grzeski gofre,8.8,55,31
Cukierek kawowy,0.9,85.4,11.5
Chocolate Bananas,2.8,78.9,9.3
Fruit chews candy,0.3,88.5,4
Cukierki czekoladowe z orzechami arachidowymi,8.7,49,28
Sezamki/Sesame,15,52,29
Chałwa sezamowa kakaowa,13.1,51.9,31.6
Kitkat Chunky Original,8.2,58.6,27.3
Halsbonbon Kraeuter,0.5,96,0.5
Chocolate jellies,1,80.2,5.8
Cukierek rozpuszczalny o smaku truskawkowym i malinowym,0.5,81,9.2
Cukierek rozpuszczalny o smaku mango,0.5,82,9.1
Cukierek rozpuszczalny o smaku jagodowym,0.5,81,9.2
Cukierek rozpuszczalny o smaku czarnej porzeczki i jabłka,0.5,81,9.2
haribo jelly beans,0.5,93,0.5
Praliny z czekolady mlecznej,5.7,53.9,32
Baton karmelowy z orzechami arachidowymi w mlecznej czekoladzie,9.3,51,29
Żelko-pianki owocki,0.5,82,0.5
nimm2 Boomki,0.1,87.5,3.4
Toffifee,6,59,28.8
Karmelki twarde kawowe o smaku espresso,1,90,6.3
Nagie Góralki extra kakaowe,9,51,32
Haribo Supermix,6.3,80,0.5
Estella toffi XXL,6,57,32
haribo Easter-Egg,4.7,81,0.5
Michałki,12,45,33
Littlemooonster96,6.6,74,0.1
Haribo Berry dream,3.4,79,0.4
Żelki serduszka,6.7,74,0.5
Wafelek przekładany kremem kakaowym w czekoladzie,5.9,55,32
Vege wesołki smak czerwone owoce,0.2,81,0.2
"Hazelnut spread chocolate candies, hazelnut spread",3.6,64.3,25
Hafer Milch Barista Edition,1.1,7.1,3
Délicieuse & Tropical Coco,0.1,2.7,0.8
"Alpro Sojadrink, Schokoladen-Geschmack, Protein 1L",5,5.3,2.8
Boisson au soja,3,1,1.7
Amande Sans sucres,0.7,1.7,1.7
Apple Juice,0.1,10.4,0.1
Bio-Haferdrink Natur,1.1,8.2,0.8
SOJA à la VANILLE,3.2,4,1.8
Hafermilch Barista,0.9,6.3,3.2
Amande intense,1.7,4.9,4.1
Boisson au cacao et à l'avoine,0.6,9.1,1.5
Riz Sans sucres ajoutés**,0.5,11,1.3
Amande à la vanille,0.5,4.9,1.4
Coconut Milk,1.6,2,19
Напитка овес,0.8,6.7,3
Lait de coco premium saveur,1.6,2,19
Barista Haver (new),0.8,6.7,3
AVOINE au CACAO,1.3,7.5,1.9
Сок от портокал от концентрат,0.7,9.8,0.1
Jus multifruits,0.1,11.6,0.1
Plant protein (chocolate flavour),5,5.3,2.8
Amande douceur,0.6,4.1,1.5
Soja douceur,3.7,3,2.1
Orangensaft,0.7,9.1,0.2
Sok 100% tłoczony na zimno Ananas Melon Mango,0.6,10.8,0.1
K-take it veggie Organic Drink Almond unsweetened,0.5,1.1,1.4
Sok 100% multiwitamina,0.5,11,0.5
Cappuccino Vanilata,1.1,9.2,0.6
Puchatek,4.5,80,2.1
Boisson de riz et quinoa,0.5,12,1
Migdałowe bez dodatku cukru,0.7,6.7,1.7
Owsiane,0.4,5.7,0.7
Napój gazowany Vital Red,0.5,4.9,0.5
"Alpro Reis‐Kochcrème Cuisine, 250 ml",0.5,5.4,7.9
Owsiane smoothie wiśnia i banan,0.5,9.9,0.2
Mleko migdalowe,0.6,3.7,1.4
Málnaízű szörp édesítőszerekkel,0.1,0.8,0.1
Soja,3.3,3.2,1.8
Ryż,0.3,13.4,1
Caffè latte,2.8,8.9,2.6
Napój roślinny owies bio,0.7,7.8,0.8
K-take it veggie Organic Oats Vanilla Drink 1l,0.5,6.8,1.2
Caramel Macchiato star bucks,2.7,9,1.4
Mus wieloowocowy z dodatkiem kaszy manny i płatków owsianych,1.4,18,0.5
Thé Vert Bio Menthe Orient 20 Sachets,0.5,0.5,0.5
Sirop grenadine,1,76,1
Barista owies,1.7,5.5,3
Sok 100% jabłko,0.5,10,0.5
Just Plants Owies,0.7,6.3,3
K-take it veggie Bio Mandeldrink gesüßt,0.4,4.1,1.1
CAPPUCCINO Decaffeinato,18,63,0.5
CAPPUCCINO Chocolate,1.3,8.7,0.6
Barista owsiane bez dodatku cukru,0.8,6.7,3
Pur Jus de Mandarine,0.6,8.9,0.1
Jus d'orange 100%,0.6,9.8,0.5
Mleko owsiane,0.7,7.8,0.8
Premium Apfelsaft Naturtrüb,0.5,11,0.5
Napój Wieloowocowy,0.5,8.4,0.5
Sok 100% Pomidor,0.8,2.7,0.5
Frappé 3in1,10.2,76.2,3
smoothie Kokos Ananas Banan Pomarańcza,0.7,14,1.1
Napój wielowocowy Czerwone owoce,0.5,8.4,0.5
Rasperry with Lemon Syrup,0.5,77,0.5
"Napój ryżowy z wapniem, UHT",0.2,11,1
CocoJogu klasyczny,0.4,5.9,5.1
Eatyx Czekolada,4.2,2.6,3.6
Apple carrot raspberry juice,0.4,9.1,0.2
Energy Drink,0.5,11,0.5
Owsiane smoothie mango i banan,0.5,12.7,0.2
Owsiane smoothie,0.5,9.2,0.2
Soja Bio,3.5,1.3,1.9
Rivia Marchew Brzoskwinia Jabkło,0.5,7.9,0.5
Cappuccino,1.7,5.3,0.5
K-take it veggie Organic Oats Drink 1l,0.3,8,1.2
Barista Haferdrink,1.1,6.7,3.4
Owies,0.6,7.8,2.1
Nektar bananowy,0.5,10,0.5
Organic rice drink,0.1,9.7,1
Organic Soy drink,3.9,0.5,2.4
K-take it veggie Organic Oats Choco Drink 1l,0.5,9.6,0.5
smoothie Ogórek Burak Seler Jabłko Banan,0.6,10.2,0.3
Sok jabłkowy 100% z dodatkiem witaminy C,0.5,11,0.5
Kakao Nestle Rozpuszczalne Nesquik 400G,4.6,78,3.6
Vitamini JABŁKO MARCHEW MALINA,0.5,7.5,0.5
Oat drink,0.6,6,1.4
Ultra black,0.5,9.2,0.5
Sok 100% burak z jabłkiem,0.8,8,0.5
Max Force - gazowany napój energetyzujący z tauryną i kofeiną,0.5,10.4,0.5
Zenek energy drink,0.5,10.8,0.5
Tymbark Just Plants owies migdał,0.8,6.8,1.3
Sok 100% pomidorowo-warzywny,1,3.1,0.5
Napój owsiany z wapnem i witaminami,0.4,6,1.3
Migdałowe,0.4,0.1,1.2
Lemon - Boisson aux fruits et au thé aromatisée à la pêche,0.5,4.1,0.5
Nektar banan,0.5,8.9,0.5
Owsiane smoothie jagoda i gruszka,0.5,9.9,0.2
Napój energetyczny gazowany o smaku owocowym z aminokwasami,0.1,10.8,0.5
Sok 100% pomidor pikantny,0.8,2.4,0.5
Original Coconut Milk U.H.T,0.1,4,2.7
Tropical,0.5,11,0.5
Oat flakes,14,59,7
Granola Sante Czekoladowa,9.1,72.7,16.4
Premium muesli frutos secos y fruta,7.9,60.5,9.7
Flocons d'avoine,12,60,6.8
Sonnenmais,2.6,11.5,1.7
Corn flakes original,8,83,1.2
Müsli Multifrucht,9.1,60.8,5.3
Sante gold granola,9.8,61,18
Corn flakes,7.4,85,1.1
Crunchy Chocolat noir intense,8.5,65,16
Traube-Nuss Müsli 68% Vollkorn,10.8,53.6,10.6
Flocons d'avoine complete,12,59,6.6
Céréales cœur fondant,9.2,65,12
Stylesse Nature,8.7,80,1.5
MUESLI & Co 7 FRUITS SECS,9.1,64,5.8
Galettes Riz complet,7.9,81,3
Fibra,8.9,66,6.6
Pétales au chocolat Blé complet,9.3,74,3.4
Galettes épeautre,20,61,1.9
Stylesse Chocolat Noir,8.3,76,5.3
Granola Orzechowa,12,61,17
sante fit granola strawberry and cherry,8.8,64,12
Stylesse Fruits rouges,8.1,78,1.4
"Protein Granola - hazelnut, almond, chocolate",21,44,15
CROCKS Goût CHOCO-NOISETTE,6.6,75,13
Muesly croustillant cruchy chocolat noir intense,8.5,65,16
Crunchy,11,57,15
Sante Crunchy Crispy Muesli Banana With Chocolate 350G,7.7,67,15
Choco Bollz,8.7,77,2.4
Galettes de riz Chocolat Noir,7.3,60,23
Galettes 4 Céréales,8,80,2.6
protein granola,20,46,12
Pétales de maïs,8,83,1.2
Choco Rice,7.1,81,2
Galette de maïs Chocolat Noir,7.1,61,23
Crunchy 3 chocolates,9.5,66,19
Crunchy 4 noix,9.7,58,21
Crunchy 5 fruits secs,7.4,63,17
Muesli chocolat,12.3,64,8.3
Crunchy chocolat au lait,9.4,56,17
Meusli Fruits et Chocolat Blanc,11.1,61.4,8.4
Wizzy Crisp,9.2,81,1.9
Céréales chocolat cœur aux noisettes,9.4,59,15
Nestle Corn Flakes,7.4,82.9,1.4
Nesquik Mix,8.2,75.1,3.5
kernel & saaten granola,18,24,42
Nestle Chocapic,8.9,73.6,4.8
Płatki Owsiane Górskie,13,60,5.7
Muesli crujiente con frutos secos,8.5,66,15
Nestlé Fitness P?atki z Pe?nego Ziarna Pszenicy 425 g,9.8,74.7,1.5
Flocos de Aveia Instantâneos,12.6,59.6,6.8
Fibra original,11,71,2.2
Nesquik,8.4,75.8,1.7
Crunchy Chocolat au lait & Noisettes,9.7,61,20
Cini Minis Scorțișoară,6.1,73.4,10.3
Cini Minis,5.5,74.6,10.1
Wafle ryżowe w czekoladzie mlecznej,8.2,64.8,19.4
Goldini,8.5,81.2,5.1
Fitness Granola,8.7,64.9,13.3
Muesli Protein,24.2,42.9,13.9
Pétales de Blé Goût Chocolat,8.6,80,1.9
Choco Curlz,9.9,75,4
Shreddies: the coco one,9.7,72.3,2.4
Crunchy chocolat saveur caramel,8.2,67,18
Pâte feuilletée fourrée d'abricot,3.5,58,19
Stylesse CHOCOLAT AU LAIT,8.2,77,5.1
Porridge au chocolat,12.5,58.8,8.6
Kukurydza Złocista,2.7,11,1.4
MUESLI & Co 2 CHOCOLATS & NOISETTES,9.7,62,14
CR'OCKS au chocolat au lait,6,70,12
Crunchy Chocolat noir Noisette,9.3,54,19
Extra thin corn cakes,8.2,81,3
Rice cakes natural,8.2,79.5,2.3
Strawberry Minis,6.2,73.3,10.3
Křupavé müsli s ovocem,7,67,17
Honey ballz,6.2,87,0.8
Cr'ocks coeur fondant lait,7.4,70,13
Snow flakes,5.7,88,0.8
Crunchy Fraises,8.8,64,15
Galettes de riz Chocolat au lait,7.5,63,24
Musli,8.4,59.5,4.6
Eiwitgranola,28,39.3,14.5
Sonko Chocolate Coated Rice Cakes,8.2,63,20
Fitness fruits,7.7,74.1,2.8
Crownfield Płatki owsiane górskie,12.5,55.9,6.3
Fruit musli,9,60,4.9
Fibra 5 fruits secs,8.9,66,6.6
Miami Hopki,9.2,73.7,2.1
Granola,9.9,58.7,21.1
Blé soufflé Caramélisé,11,78,1.5
Crunchy dark chocolate,8.5,65,16
KASZA GRYCZANA PRAZONA,4.2,20,0.8
Boules de maïs au miel,5.4,88,1.1
Porridge,11,64,8
Fibra 5 dried fruits,8.9,66,6.6
Couscous grains moyens,13,69,1.8
Cornflakes,7.2,83,0.8
Wafle ryżowe naturalne,8.4,77.4,3.1
Wafle ryżowe musli,8,78,5
NESTLE FITNESS Honey Flavour Fiber Cerealien,10.1,63.4,3.8
Ciniminis churros,7.3,75.8,5.8
Choco Balls,9.2,73.6,2.2
galette de riz brun,9.7,76,6.4
Nestke Gold flakes,7.6,80.3,4.6
Riz soufflé au chocolat,9.2,77,4.4
Kukurydza słodka,2.9,11,1.8
Wafle ryżowe ze słonecznikiem,9.2,77,3.6
Lion WildCrush,5.3,65,15.3
Fruit Granola,11.3,62.9,8.4
Owsianka Żurawina,10.5,65.3,5.6
Herbatniki,8.9,71,13
Mini galettes de riz Chocolat noir,6.2,65,20
Corn flakes choco,6.1,81.7,3.7
Płatki owsiane,14.1,54.1,7
Płatki owsiane błyskawiczne,12.8,59.6,6.8
Muesli clásico,9.1,64,5.8
"Kuskus perłowy z ciecierzycą, fasolką i hummusem",5.8,15,7
Kukuřičné lupínky,8.5,83,1.9
Boules De CÉRÉALES,9.7,73,3.2
Choco kulki,9,71,4.5
Mąka orkiszowa pełnoziarnista typ 2000,13,59,2.3
Owsiankaowoce i orzechy,11.9,57.1,8.2
"Owsianka z bananami, kakao",2,13,1.9
Rice & Corn Cakes Paprika BBQ,6.9,76,8.9
Nápoj s ovsem s čokoládovou příchutí,0.7,11.5,1.9
Choki,8.9,74.5,3.1
Cookie crisp,6.9,76.1,5.2
Vitanella Granola z czekoladą,9.2,63.6,18.4
Kasza bulgur,11,70,1.5
Wafle Kukurydziane,7,75,9
Trix,6.4,78.9,4.3
CROCKS Lait,7.4,70,13
Muesli for focused ones,14.9,47.8,17.1
Kukurydza konserwowa,1.6,8.1,1
Ciasteczka zbożowe,9.3,59.1,18.5
Stylesse FAIBLE TENEUR EN SUCRES,13,77,1.1
Musli premium,8,59.4,12.6
Fibra cioccolato,11,67,7.2
Lentilles rouge au curry,14.1,58.1,5.5
Cocoacrush,7.4,63.9,14.2
Mąka pszenna typ 650,12,70,1.5
Cheerios Owsiany,10.4,65.7,6.3
Cereales Form fruits rouges,8.1,78,1.4
Crocks choco,7,72,13
GO ACTIVE  granola wysokobiałkowa,30,37,18
Mąka pszenna Szymanowska 480,12,71,1.5
Mąka kukurydziana,8.3,73,2.1
Mąka extra pszenna Typ 405,12,73,1.3
Kasza pęczak jęczmienny,11,62,1.1
Smakowite ciasto francuskie,4.9,33,23
Kakaové lupínky,8.9,74.6,2.9
Orito kakaowe,7.7,61.6,17.5
Porridge Orange,12.5,56.2,7.2
X'trem céréales coeur fondant au lait - maxi pack,7.4,70,13
Galettes MAÏS,6.5,85,0.7
Płatki orkiszowe,13,64,3.3
Bulgur kasza zvermicelli(with vermicelli),13,53,1.8
Corn Cakes Sour Cream And Onion,8,76,8.9
Płatki owsiane Górskie XXL,14,72,6.8
Rice cakes,10.6,75.2,4.3
Kukurydza gold,2.9,11,1.8
Crunchy z żurawiną musli prażone,9.5,64.4,14.7
Premium Granola Neo,9.5,65,16
Płatki owsiane-górskie błyskawiczne,12,62,7.2
X'trem au chocolat,7,72,13
Crunchy owocowe,7.9,62,12
Baton musli z owocami,8.1,60,16
Crocks Choco-Noisette,6.6,75,13
Crocks mix,6.5,69,12
Couscous aux épices,12,70,3
Couscous,12,70,1.5
Platki zytnie,6.8,77,1.3
Kasza manna,9.5,74.2,1.3
Tahini klasyczne,25,3,60
Wafle ryżowe z kukurydzą o smaku pizzy- Jumbo Pizza,7.5,75,8
Rożek Dolce Giacomo,6.9,73,7.1
CROCKS Goût CHOCOLATE-AVELLANA,7,74,12
Wafle kukurydziane z solą morską,11,77,2.3
choco piegotaki,8,80,2.2
Porridge chocolate,12.5,58.8,8.6
Musli z suszonymi figami i prażonymi orzeszkami ziemnymi.,13.7,52.7,11.2
Honey Granola nuts,10,52,22
Cereales corn flakes,7.2,83,0.8
Vitanella owsianka mango-truskawka,11.3,57,7.7
Płatki zbożowe z suszonymi i kandyzowanymi owocami.,9.4,64.7,6.3
"Musli prażone z suszoną, słodzoną żurawiną.",9,64.2,14
Kasza manna błyskawiczna,8.7,76.7,1.3
Wafle ryżowo-kukurydziane o smaku karmelowym,3.9,81,4.7
Sante granola czekolada z truskawką,9,67,15
Owsianka z 5 owocami leśnymi,13,65,4.4
chrupersy,5.6,84,1.6
"Wawrzyniec - Pasta warzywna z ciecierzycą, pieprzem i czarnuszką",3.8,8.8,19.2
Boules de céréales Gout miel,6.1,88,1.4
Space Cookies,8.3,75,3
kasza kuskus durum,14,68,2
Bike,12,68,2
Crocks chocolat noir,7.5,67,12
Jaśki z kremem o smaku mlecznym,8.3,68,10
"Mąka pszenna, typ 650",13,65,1.5
Mąka tortowa pszenna. Typ 450,11,70,1.2
Just Plants Barista,1,7.5,3.1
Napój Ryżowy,0.1,9.6,1.3
Mąka Luksusowa,11.2,71,1
"Kasza jęczmienna, perłowa",11,65,0.6
Zimtinos,8.3,75,7.8
Mąka tortowa puszysta,10,74,1.1
Musli z owocami i orzechami,8,59.4,12.6
Cheerios Owsiany Jabłko i Cynamon,9.7,67,6.4
Wafle kukurydziane - Czarnuszka i sól morska,9.8,73,4.4
kasza orkiszowa pełnoziarnista,14,58,2
Protein Granola Go On,21,44,15
Świeże ciasto Filo,8.1,58,0.9
musli classic,11.9,62.2,6.7
Granola owocowa BIO,9.2,66,13
Baton musli z orzechami i miodem,8.7,57,19
Kasza manna błyskawiczna z pszenicy,8.7,74,1.3
Nougat Bits,6.7,62,22
"TRENDY LUNCH Premium Orkisz, Vermicelli, Pomidory",14,58,2.8
Mieszanka płatków zbożowych z rodzynkami i orzechami laskowymi,11.2,61.8,6.1
Stylesse Dark Chocolate,7.6,74,6.5
Mąka tortowa pszenna typ 450,12,73,1.5
Jaglanka z Chia owoce leśne,3.3,18,2
Kasza jęczmienna,6.7,77.1,2.4
Granola with 3 types of chocolate,12,63.7,10.1
Nesvita owsianka,11,68,4.5
Oat choco milk,0.8,10.4,1.2
Nesquik Alphabet,9.7,72.8,2.1
Cos na Zab,13,63,5.7
Фини точени кори за баница,8.7,62,0.3
KASZA Orkiszowa Premium,11,63,2.6
Kasza gryczana niepalona,12,65,3.1
Corn Flakes Honey And Nut,7.6,79,4.4
młynpol,11,70,0.7
"Stylesse Pétales de riz, blé complet & orge complète",7.9,81,1.4
Owsianka z maliną i żurawiną,13,65,4.6
"Owsianka ananas, kokos",10.8,51.2,16
Owsianka,13.7,62.3,6.5
Wafle ryżowe Gryka,8.7,76,3.2
Kukurydza super słodka,2.9,12,2.4
Maka,10.5,71,0.9
Mąka żytnia pełnoziarnista,9.7,60,1.8
Cosnazab,13,64,5.2
Owsianka z jabłkiem i cynamonem,11,63,5.4
"Zabkása, banános",12.9,61,5.2
Pesto Genovese 190g Barilla,4.7,11,47
Pesto alla Genovese,4.7,9.8,46
Passata di Pomodoro,1.6,5.1,0.5
Sriracha Sauce,2.3,28,1.2
Tomato Sauce With Basil,1.7,6.4,0.1
Pesto verde,2.6,3.2,46
Mayonnaise,0.8,3,70
Mayonese,1.5,2.9,76.3
Sauce Tomate aux légumes grillés,1.3,5.5,2.3
Piri-Piri,3.2,3,10.4
Ketchup Ɨagodny,1.4,23,0.5
Sriracha sauce mayo,0.9,26,19
Pesto allá genovese,4.1,4.8,35.9
Sås Senap & Dill - Sauce à la moutarde et à l'aneth,2.1,24,38
Harissa Paste,2.9,11,1
Musztarda sarepska ostra,3.7,8.3,5.1
Heinz Zero Sel Ajoute,1.6,5.4,0.1
Ketchup łagodny,1.7,25,0.1
Mayonnaise Kielecki,1.9,2.2,68
Mayonnaise Decorative,1.5,2.9,76.3
Sweet & sour stir fry sauce,0.2,32.7,0.1
Ketchup Pikantny,1.2,23.3,0.1
Sauce Salade Caesar,1.5,8.3,44.7
Ketchup pikantny HOT,1.3,22,0.5
Chow Mein Stir Fry Sauce,0.8,23,1.1
Majonez Dekoracyjny,1.5,2.9,76.3
Majonez Kielecki,1.9,2.3,68
Hummus und Guacamole,6.5,7,19.5
Moutarde Dijon,7.7,8.4,11
Gochujang (Korean Chili Paste 500g),6.2,42.1,1.4
Chrzan,2.7,12,9.8
Musztarda delikatesowa,3.9,9.7,3.4
Majonez lekki,1.1,8.4,33.2
Ketchup Lagodny,1.1,35,0.1
Sos czosnkowy,1,8.1,41
Majonez,0.9,3.7,76
Ketchup junior,1.7,22,0.5
Rote Currypaste,3.6,12,5.5
Musztarda delikatesowa sarepska,4.6,16,5.9
Ketchup premium sycylijski KETO do pizzy,2,6.2,0.5
Hummus klasyczny,9.8,7.9,21
Kucharek,7.9,25,0.1
Vegan aioli,1.2,8.1,50
Ketchup łagodny - Najsmaczniejszy,1.4,35,0.1
Heinz sos czosnkowy,1.9,11,35
Musztarda Stołowa,4.6,11,4.5
Sauce Tatare 6 x,0.9,7.6,63.7
Ketchup premium,2.2,7.2,0.5
Wloclawek Mild Tomato Ketchup,1.7,23,0.5
Pesto z bazylii,4.7,7.6,39
hummus classic,7.9,9.5,21
Ketchup Premium Łagodny,2.2,7.2,0.5
Hummus bruschetta,6.3,6.9,19.8
Pesto z tofu,4.5,3.2,22.2
Winiary Mayonnaise Decorative,1.5,2.9,76.3
Hummus falafel vegan,6.8,9.6,18.1
Ketchup Roleski,2.2,7.2,0.5
Hummus paprykowy,6.1,12,17
Knoblauchsauce,0.2,14,16
Guacamole,1.5,2.1,13.4
Sos hamburger,1.6,12,25
Curry-Gewürzketchup - scharf,0.6,39,0.5
Sauce tomate bio à la napolitaine,1.3,8.4,0.9
Hummus,7,13,20
Soybean Paste,12.8,19,3.8
Mustard Horcice kremzska,5.8,17.8,5.8
Pikantny Ketchup z charakterem,0.6,23,0.1
Sos meksykański,1.2,20,0.5
Curry-Gewürzketchup - delikat,0.6,39,0.5
Musztarda rosyjska,2.6,7.9,8.9
Tomato edchup,1.2,23.2,0.1
Passata,1.7,4.3,0.5
Ketchup Łagodny Premium,1.5,26,0.1
Majonez Napoleoński,0.9,3.5,70
Tomato Passata With Garlic,1.8,5.8,0.3
słodki sos barbecue,0.9,44,0.2
Hummus pomidorowy,6.7,12,15
Street Food sos do wrapów i kebabów,1,12,26
Sos pomidorowy z boczkiem,3.8,6,3
Sos pieprzowo-tymiankowy,0.5,8.7,26
Thai Curry Paste Red,4.7,11,1
Musztarda francuska,6.6,9.5,9.9
Sos Barbecue. Sos do grilla z cebulą i papryką,0.8,34,0.2
Sos 1000 wysp,0.7,11,25
Czosnkowy sos,0.9,8.3,38
Ketchup łagodny markowy,1.7,24,0.5
Passata rustica,1.3,5.5,0.2
Madras Spicy & Tangy Curry Kit,2,7.7,8
Majonez Premium Vegan,0.5,9.6,25
K-take it veggie Hummus Classic,7.4,7.5,20
Musztarda sarepska,5.4,8.7,3.5
Premium ketchup pikantny,1.9,23.7,0.2
Sos jalapeño,1,7.8,54.3
Majonez stołowy,0.8,4.9,51
Sos Do Spaghetti Oryginalny,1.7,9,1
Moutarde Kielecka Forte,5,7.2,4.6
Musztarda kremska,4.7,16,4.5
Sos Boloński z mięsem mielonym,3,6.8,3.2
Sos Chili con carne z mięsem mielonym,4.9,6.4,5.3
Słodko-kwaśny,0.8,17,0.5
Sos Boloński,1.2,7.6,0.9
Musztarda Dijon,5.1,1.8,11
Klasyczny sos barbecue,0.9,34,0.2
Fix spaghetti 4 sery z brokułami,14,45,23
Sos Sriracha mayo,0.8,13.8,20.2
Ajvar łagodny,1.2,6.1,3.7
Aioli sauce Mediterranean style,1.3,3.2,74
Do Karkuwek,1.2,31,0.5
Dressing 1000 wysp,0.9,10.4,15.5
Słodko-kwaśny łagodny sos do ryżu,0.8,19.9,0.2
Hummus z burakiem,6.6,8.8,13
Ketchup Hot,2.3,21,0.7
Ketchup super hot,1.9,20,0.5
Słodko-Pikantny Sos Chilli,0.3,47.4,0.1
Chunky Burger Souce,1,10,21
Musztarda miodowa,5.1,16.8,4.9
Knorr Fix Carbonara 45G,15,30,41
Sos hot-dog remulada,0.5,12,30
Hummus z pestkami dyni i słonecznika,6.5,9.2,27
Tagodny ketchup,0.5,23,0.5
Passata z czosnkiem,1.8,4.6,0.5
Hummus Trio,7.3,11.2,19.8
Basilico,1.6,4.9,0.2
Musztarda Sarepska premium,5.3,7.1,6.1
Ketchup łagodny Pudliszek,1.6,30,0.3
Moutarde,7.9,9.2,8.7
Medero Premium ketchup classic,1.9,23.7,0.2
Majonez wielkopolski,0.9,3.7,74
Ketchup czosnkowy,1.7,31,0.9
Sos do tortilli,1.6,22,22
Ketchup premium meksykański KETO,2.1,6.7,0.5
Sos tysiąca wysp,2.2,15,36
Majonez sałatkowy,1.1,4.6,63.4
Ketchup bio ekologiczny Roleski,1.8,20,0.5
Hummus z suszonymi pomidorami,5.8,12,25
Sos Asia Ananas,0.3,24,0.5
Musztarda czeska,5,19,6.9
It's all gravy,13,46,2.2
Musztarda Dijon premium,7.7,3.4,12
Spaghetti sos z pomidorów,1.8,7.4,0.9
Sweet chili,0.7,46,0.5
Ketchup,1.1,23,0.5
Pesto Alla Genovese z Bazylii,4.7,7.6,39
Musztarda stołowa łagodna,4.3,12,4.8
Sos tatarski,1,6.1,63.3
passierte Tomaten,1.2,4.6,0.2
Bio Hummus pomidorowy,7,13,20
Sos sezamowy,2.2,14,49
Hummus z sosem pomidorowym,6.8,10.6,18.9
Sos Red Thai,1.2,9,0.8
Sriracha zielona z konopiami,1.8,34,0.5
Vegan Majo,0.5,5,70
Classic Hummus,7,7.9,24.4
Horcice. Musztarda kremska,4.3,16,4.8
Musztarda grillowa łagodna,5.4,4.4,5.8
Ketchup nr VII,1.9,35,0.5
Ketchup nr. VII,1.9,34.7,0.1
Chlopski garnek,8.6,58,4.8
Majonez z Truflami,1.2,3.7,72
Sos słodko-kwaśny z ananasem,0.7,19,0.5
Majonez roleskiego.,1.2,4,74
Musztarda delikatesowa angielska.,7.8,19,15
Majonez delikatesowy stołowy,1.2,3.7,74
"Chili Barbecue, Pikantny sos do grila",0.9,40,0.3
Mutarde,4.6,32,4.4
Musztarda delikatesowa jerozolimska,4.1,12,3.3
Musztarda delikatesowa kozaka,5.6,17,8.7
Sos piri piri,0.5,0.9,0.5
Richtig Ślonski Zymft,5,9.2,6.1
Sos do spaghetti pomidorowo-śmietankowy.,1.1,8.6,1.9
Musztarda gastronomiczna,4.7,16,4.5
Tagliatelle z Kurczakiem,6.6,16,4.2
Ketchup Super Pikantny,1.1,32,0.1
Tzatziki,4.8,5.3,7.6
Musztarda Bawarska,5.2,3.1,5.4
Do kurczaka w sosie paprykowym,8.5,50,6.4
Sos pomidorowy z bazylią,1.6,5.5,5
Sos Spaghetti z ziołami,1,15.2,0.5
Sos hot dog,0.5,12.1,30
Sos Boloński z ziołami,1,16,0.5
Sos z czosnku niedźwiedziego,1.4,10.7,32.2
Sos Boloński z mięsem,3.8,8,2.2
Sos Boloński z bazylią,1,10.3,0.5
Sos do makaronu z płatkami czosnku,1.7,9.8,0.6
Sos pieczeniowy jasny,0.7,5.4,0.7
Passata Cherry Tomato Puree,1.1,6.5,0.5
Hummus z wędzonym pstrągiem,9,9,17
Vayonaise,0.5,3.4,53
Przecier pomidorowy,1.4,5.7,0.3
Hummus clasic,8,9,27
Bolonski,3.6,8,2.3
Sos BBQ z miodem gryczanym,1,29,0.5
Pomidor hummus,5.9,8.5,18
Sos chili słodko-pikantny,0.3,47.4,0.1
Humus,6.7,6.7,10
Sos do frytek belgijski,1.1,3.6,77
Sos do kurczaka z czosnkiem,0.8,18,0.5
Majonez delikatny,1,7.8,42.6
Musztarda chrzanowa,4.7,12,3.4
Majonez OMEGA 3:6,1,2.8,76.2
Majonez Roleskiego Premium,1,3.4,72
Przecier pomidorowy z bazylią,1.4,5.8,0.3
ketchup diabelski Carrefour,0.5,22.5,0.2
Salsa,1.6,18,0.5
Mayonnaise sauce,0.7,3.2,80
Tuna napolitana,8.3,55,4.1
tomato ketchup spicy curry,1.4,28,0.2
Bio Musztarda Ostra,4,15,1.1
Ajvar ostry,1.5,8,4
Original BBQ sauce,0.8,34,0.8
Majonez klasyczny,1.8,3.8,68
SOS Spaghetti,1.8,19,1
Musztarda Jalapeño,4.7,11,5.2
Ketchup z truskawką,1.4,22,0.5
hummus kokos & curry,4.8,9.8,14.4
Original Mayonnaise,3.3,3.3,73.3
Firma Roleski Hot Ketchup 450 G,1.2,24,0.5
Sos chilli pikantny,1.2,17.4,0.3
Sos do hamburgerów,1.2,12,21
Sante Hummus With Dried Tomatoes 180 G,5.8,12,25
Sos chili pikantny,0.7,25,0.5
Musztarda kcyńska pełnoziarnista,9,20,0.5
Passata con basilico,1.1,6,0.1
Ketchup classic,1.9,26,0.2
Sos curry mango,1.6,18,28
Sos amerykański BBQ,1.9,24,0.5
Majonez gęsty kremowy,1,2.8,80
Bio Musztarda Łagodna,3.8,13,1.1
K-take it veggie Hummus Red Pepper 200g,6.7,7.3,17
K-take it veggie Hummus Tomato,7.4,10,17
Ketchup Premium Jalapeño,2,27,0.5
"Ketchup z dodatkiem miodu, czosnku i tymianku.",2.5,28,0.3
Sos Sriracha,1.2,35,0.4
Babuni Majonez Mayonnaise,0.8,4.6,64
Sos do kurczaka z papryką,1.4,18,0.5
Kuchnia Smaku Musztarda Sarepska,4.6,15,4.1
Sos do woka Green Thai,0.8,23,0.7
Hummus z papryką na ostro,6.4,14,25
Sos jogurtowy z ziołami,2.7,9.8,1.1
Sos do makaronu serowo-pieczarkowy,2.5,6.6,3.9
Pesto Zielone. Sos na bazie bazyli.,4.7,7.6,39
Passata klasyczna,1.4,5.9,0.5
Sos amerykański,1.2,11,25
Majonez gęsty i kremowy,1,2.8,80
Sos słodko-kwaśny,0.7,21,0.5
Spo?e Musztarda Delikatesowa 190Ml,5,12,4.2
Po Bolońsku sos do spaghetti,1.7,9.2,0.6
Hummus klasyczny z preclami,8.5,28,15
Majonez Wyborny,0.9,3.7,76
Tomato Ketchup,1.6,25.8,0.2
Sos Duński Remoulada,1.1,13,24
Sos sałatkowy paprykowo-ziołowy,0.5,4.8,45
Makrélafilé bőrrel,11.8,6.7,11.8
Bâtonnets saveur crabe,6.2,14,5.4
Poisson pané,12,17,8.6
Filety z makreli w sosie pomidorowym,10,5.6,12
Fish spread with rice,4.8,11,9.4
Paluszki surimi,8.3,15.3,4.9
Śledzie Wiejskie,9.4,7.6,13.1
Łosoś Kawałki w sosie pomidorowym,18,3.6,10
Sardynki w oleju słonecznikowym,24,0.5,5.3
Miettes de thon,14,3.9,6.4
Herring Snack,8.7,3.8,27
Paluszki rybne panierowane,12.3,19.4,5.5
Tuńczyk,17,0.5,0.5
Marinated Herring in mushroom sauce,3.9,5.7,28.9
Tuńczyk w sosie pomidorowym.,12,3.9,3.3
"Pstrąg tęczowy, wędzony na zimno w plastrach",20,0.5,8.6
Herring single portion with onion,8.2,3.9,25
Sardynki w oleju roślinnym,23,18,18
Szprot wędzony na gorąco,19,0.2,17
Szprot w sosie pomidorowym,11,5.5,6.8
Złote Paluszki Rybne z Fileta,13,14,8.6
Tuna pieces in vegetable oil,17,0.5,27
Filety śledziowe w sosie pomidorowym,9.7,4.4,11
Paprykarz szczeciński,5.7,12,12
Śledzie po żydowsku,7.7,2.8,31
Łosoś wędzony na zimno,20,0.2,12
Le mariné thon olives verte et origan,24,0.5,9.8
Paprykarz z łososia,5.2,10,9.4
Rybka na raz w sosie po grecku,6.3,12.3,9.1
Gniazda z łososia,24,0.1,14
Śledzik na raz z suszonymi pomidorami,8.5,4.7,27.8
Ryba śledź po grecku,5.1,9.4,7.3
Śledź w sosie pomidorowym,13,17,7.6
Filet z tuńczyka w sosie własnym,26,0.5,1
Filety śledziowe w sosie pomidorowym.,9.3,5.8,9.6
Paprykarz Szczeciński z łososiem.,6.5,6.5,9.2
Pavés de SAUMON kéta du Pacifique,21,0.6,9.2
Świeży pstrąg tęczowy łososiowy filet,19,0.2,9.2
Byczki w sosie pomidorowym,12,4,5.6
Filety z makreli w sosie pomidorowym.,12,5.8,2.2
Łosoś w sosie pomidorowym,10.6,5.7,8.5
Filets DE MERLU BLANC,16,0.8,1.9
Pasta z łososia pikantna,9,11,19
Śledź atlantycki w sosie grzybowym,5.8,5.7,27
Tonno a pinne gialle al naturale,23,0.5,0.9
Filety z makreli smażone w zalewie octowej,10,8,22
Thunfisch z soją,25,0.5,13
Śledzik na raz w sosie śmietankowym,7.8,6.2,26.5
Śledzik na raz z suszonymi pomidorami i ziołami włoskimi,6.6,4.5,28
Krajanka śledziowa z suszonymi pomidorami,7.4,7.6,16.8
ŁOSOŚ PACYFICZNY DZIKI,21,0.5,2
Filety z pstrąga,21.1,0.2,5.8
Filety śledziowe w oleju a'la Matjas,15,0.1,12.7
Łosoś w sosie pomidorowym kawałki,14,6.2,9
Filety śledziowe a'la Matjas,8.5,0.6,10.2
Szybki śledzik w sosie czosnkowym z ziołami prowansalskimi,6.6,5.7,31.3
Szybki Śledzik w sosie śmietankowym,6.6,6.9,29.3
Filety śledziowe w sosie śmietanowym,7.4,6.8,27.6
Śledź po gdańsku w oleju,13,0.7,33
Śledź atlantycki filety a'la Matjas korzenne,16,0.1,10
Szprot podwędzany w oleju,17,1,28
Filety śledziowe w sosie koperkowym,2.1,2.2,9
Mackerel Fillets in Tomato Sauce with Sweet Chili,12,5.4,21
16 Grosses croquettes de poisson,10,21,3.7
Tuňák steak v pikantním oleji,20,0.7,20
Filety z makreli w sosie pomidorowym z papryką.,12,6.1,17
Filet z pstrąga wędzonego na gorąco z pieprzem,21,0.4,5.9
Koreczki śledziowe z papryką chilli,10,4,10
Sardynki w sosie pomidorowym,15,1.8,3.5
Śledź atlantycki opiekamy,12.8,9.3,13
Ryba z piekarnika z sosem brokułowym,11.8,5.3,5
Tuňák,21,1,1
Opiekane filety śledziowe w zalewie octowej,9,6.4,9.2
surimi nūj.Viči Snow crab 250g,8.8,10.6,0.6
Stek z tuńczyka,20,1,32
Śledź Atlantycki Bismarck płaty śledziowe,11.8,1.5,8.8
"Łosoś plastry, wędzony na zimno",19,0.1,11
Filety z pstrąga tęczowego wędzonego na gorąco,23,0.5,5.1
Ryba po grecku,4.6,13,6.5
"Łosoś atlantycki, wędzony na zimno, plastrowany",20,0.5,10
Filety z anchois,16,0.8,45
Surimi sticks,6.7,17.9,5.3
Płaty śledziowe smażone w zalewie octowej,15,9.6,13
Śledź w sosie pomidorowym.,10,5.6,7.9
Szprot w pikantnym sosie pomidorowym.,14,5.4,14
Szprot w sosie pomidorowym.,13,3.9,8
Tuna shredded,23,0.6,0.2
Śledzik na raz Pikantny,8.5,3.8,25
Filety śledziowe panierowane i smażone w zalewie octowej.,10,4.1,17
Łosoś atlantycki wędzony na zimno,20,0.5,11
Łosoś atlantycki marynowany,20,0.8,13
Thunfisch  Stücke in Öl,25,0.1,2.8
Paluszki z fileta z dorsza,15,12,8.7
Szproty wędzone w sosie pomidorowym,14,6,8
Wiejskie filety śledziowe marynowane z cebulą,8.7,5.1,16
Filets de cabillaud,18,0.7,0.9
Italian Style Thunfisch,8.9,10,6
Łosoś Wędzony Plastrowany,20,0.8,13
Sardynki w sosie paprykowym,9.6,4.1,4.6
Salmon hotdogs,17,3.9,15
Makrela po meksykańsku,8.6,6.3,13
Sardinhas,17,1.1,14
koreczki śledziowe po kaszubsku,7.8,6.7,30
Złoty mintaj,13,19,6.8
Płaty śledziowe marynowane,13,3,13
Morszczuk w galarecie,7.3,2.6,0.6
Filety śledziowe wiejskie - pikantne pomidory,11.5,12.4,14
Filety śledziowe wiejskie - klasyczna cebulka,11.4,12.1,14
Filety śledziowe wiejskie - zioła ogrodowe,11.5,13,13
Szprot popularny w sosie pomidorowym,11,5.5,8.9
Herring,5.5,7.3,28.8
Fish fingers,7.7,29.1,12.1
Makrela wędzona,19,0.5,20
Saumon,20.2,0.5,7.5
Łosoś plastry wędzony na zimno,19,0.1,11
Chili filety śledziowe,7.2,4.4,26
Jaja ekologiczne,13,0.5,9.5
Jaja moja kurka,12.5,0.6,9.7
6 œufs frais plein air,13,0.5,9.8
Jaja świeże,12.5,0.6,9.7
Świeże jaja,12.5,0.6,9.7
Polskie jaja z chowu ściółkowego,12.5,0.6,9.7
Jaja z chowu ściołkowego,12.5,0.6,9.7
10 sztuk świeżych jaj,12.5,0.6,9.7
Jajka M,12.5,0.6,9.7
Jaja kurze L,12.5,0.6,9.7
Jajka L,12.5,0.6,9.7
Jajka M z Sokołowa,12.5,0.6,9.7
Jaja kurze M,12.5,0.6,9.7
Jaja z chowu ściółowego M,12.6,0.5,9.7
"Jaja, z wolnego wybiegu (eggs)",12.5,0.6,9.7
Jaja Ściółkowe M,12.5,0.6,9.7
Polskie jaja z chowu na wolnym wybiegu,12.5,0.6,9.7
Jaja świeże rozmiar L,12.5,0.6,9.7
Jaja Świeże L,12.5,0.6,9.7
Jaja z chowu na wolnym wybiegu (20xM),12.5,0.6,9.7
Dzikie jaja,10,1.2,0.8
Jaja Ściółkowe,12.5,0.6,9.5
Cebula,1.1,7.6,0.2
Pomidor,0.9,3.9,0.2
Czosnek,6.4,33.1,0.5
Marchew,0.9,9.6,0.2
Ziemniaki,2,17.5,0.1
Kurczak (pierś),31,0,3.6
Jajka,13,1.1,11
Ser żółty,25,1.3,27
Masło,0.5,0.1,81
Mąka pszenna,10,76,1
Cukier,0,100,0
Sól,0,0,0
Pieprz,10,64,3
Olej rzepakowy,0,0,100
Brokuły,2.8,5.2,0.4
Kalafior,1.9,5,0.3
Papryka czerwona,1,6,0.3
Ogórek,0.7,3.6,0.1
Sałata lodowa,1.2,2.9,0.2
Cukinia,1.2,3.1,0.2
Bakłażan,1,5.7,0.2
Pietruszka korzeń,3,12,0.6
Seler naciowy,0.7,3,0.2
Por,1.8,14.2,0.3
Dynia,1,6.5,0.1
Buraki,1.6,9.6,0.1
Fasolka szparagowa,1.8,7,0.2
Groch zielony,5.4,14.5,0.4
Kukurydza,3.4,21,1.2
Kapusta biała,1.3,5.8,0.1
Rzodkiewka,1,3.4,0.1
Grzyby pieczarki,3.1,3.3,0.3
Ciecierzyca (gotowana),8.9,27.4,2.6
Soczewica (gotowana),9,20,0.4
Fasola czerwona (gotowana),9,23,0.5
Makaron,13,70,1.5
Pierś z indyka,29,0,1.5
Wołowina (chuda),26,0,8
Łosoś,20,0,13
Tuńczyk (woda),23,0,1
Jabłko,0.3,14,0.2
Banan,1.1,23,0.3
Pomarańcza,0.9,12,0.1
